-- phpMyAdmin SQL Dump
-- version 5.2.1
-- https://www.phpmyadmin.net/
--
-- Gép: 127.0.0.1
-- Létrehozás ideje: 2026. Feb 16. 12:12
-- Kiszolgáló verziója: 10.4.32-MariaDB
-- PHP verzió: 8.2.12

SET SQL_MODE = "NO_AUTO_VALUE_ON_ZERO";
START TRANSACTION;
SET time_zone = "+00:00";


/*!40101 SET @OLD_CHARACTER_SET_CLIENT=@@CHARACTER_SET_CLIENT */;
/*!40101 SET @OLD_CHARACTER_SET_RESULTS=@@CHARACTER_SET_RESULTS */;
/*!40101 SET @OLD_COLLATION_CONNECTION=@@COLLATION_CONNECTION */;
/*!40101 SET NAMES utf8mb4 */;

--
-- Adatbázis: `videogames`
--

-- --------------------------------------------------------

--
-- Tábla szerkezet ehhez a táblához `awards`
--

CREATE DATABASE IF NOT EXISTS videogames;
USE videogames;

CREATE TABLE `awards` (
  `award_id` int(11) NOT NULL,
  `game_name` varchar(150) NOT NULL,
  `game_img` varchar(255) DEFAULT NULL,
  `award_name` varchar(100) NOT NULL,
  `award_year` int(11) NOT NULL
) ENGINE=InnoDB DEFAULT CHARSET=utf8mb4 COLLATE=utf8mb4_general_ci;

--
-- A tábla adatainak kiíratása `awards`
--

INSERT INTO `awards` (`award_id`, `game_name`, `game_img`, `award_name`, `award_year`) VALUES
(1, 'The Sims', 'https://blogger.googleusercontent.com/img/b/R29vZ2xl/AVvXsEhMg1TNlmJ6Yn_kWprZH2n411_gI-1pBQrBfN3fy8if0O9S-3HjF09B3YXA4-p4ISVcWCq4Rwh4wcgZW0rqW0AIMAI4QjgUWmm3YPO6goAE6BTmKJtTKQqymtJFiA25Vfa3ATaBIa5rMKM/s800/The_Sims_%2528PC%2529_01.jpg', 'Game of the Year', 2000),
(2, 'The Sims', 'https://blogger.googleusercontent.com/img/b/R29vZ2xl/AVvXsEhMg1TNlmJ6Yn_kWprZH2n411_gI-1pBQrBfN3fy8if0O9S-3HjF09B3YXA4-p4ISVcWCq4Rwh4wcgZW0rqW0AIMAI4QjgUWmm3YPO6goAE6BTmKJtTKQqymtJFiA25Vfa3ATaBIa5rMKM/s800/The_Sims_%2528PC%2529_01.jpg', 'Best Narrative', 2000),
(3, 'Grand Theft Auto III', 'https://cdn.wallpapersafari.com/20/95/af9UBE.jpg', 'Game of the Year', 2001),
(4, 'Grand Theft Auto III', 'https://cdn.wallpapersafari.com/20/95/af9UBE.jpg', 'Best Audio Design', 2001),
(5, 'Metroid Prime', 'https://images.nintendolife.com/9cfa7f075e765/metroid-prime-3-the-wait-is-over.900x.jpg', 'Game of the Year', 2002),
(6, 'Metroid Prime', 'https://images.nintendolife.com/9cfa7f075e765/metroid-prime-3-the-wait-is-over.900x.jpg', 'Best Art Direction', 2002),
(7, 'Star Wars: Knights of the Old Republic', 'https://gaming-cdn.com/images/products/8671/orig/star-wars-knights-of-the-old-republic-remake-remake-pc-game-cover.jpg?v=1729670003', 'Game of the Year', 2003),
(8, 'Half-Life 2', 'https://mediaproxy.tvtropes.org/width/1200/https://static.tvtropes.org/pmwiki/pub/images/hl2_gordon_alyx_citadel.jpg', 'Game of the Year', 2004),
(9, 'Half-Life 2', 'https://mediaproxy.tvtropes.org/width/1200/https://static.tvtropes.org/pmwiki/pub/images/hl2_gordon_alyx_citadel.jpg', 'Best Action', 2004),
(10, 'Shadow of the Colossus', 'https://www.froyok.fr/blog/2012-10-breakdown-shadow-of-the-colossus-pal-ps2/unfurl.jpg', 'Game of the Year', 2005),
(11, 'Shadow of the Colossus', 'https://www.froyok.fr/blog/2012-10-breakdown-shadow-of-the-colossus-pal-ps2/unfurl.jpg', 'Best Art Direction', 2005),
(12, 'The Witcher 3: Wild Hunt', 'https://sm.ign.com/ign_ap/review/t/the-witche/the-witcher-3-the-wild-hunt-review_q5k7.jpg', 'Game of the Year', 2015),
(13, 'The Witcher 3: Wild Hunt', 'https://sm.ign.com/ign_ap/review/t/the-witche/the-witcher-3-the-wild-hunt-review_q5k7.jpg', 'Best Narrative', 2015),
(14, 'Elden Ring', 'https://cdn.thewirecutter.com/wp-content/media/2022/03/elden-ring-2048px-0001.jpg?auto=webp&quality=75&width=1024', 'Game of the Year', 2022),
(15, 'Elden Ring', 'https://cdn.thewirecutter.com/wp-content/media/2022/03/elden-ring-2048px-0001.jpg?auto=webp&quality=75&width=1024', 'Best Action', 2022),
(16, 'Clair Obscur: Expedition 33', 'https://cms-assets.unrealengine.com/AiKUh5PQCTaOFnmJDZJBfz/resize=width:1920/output=format:webp/cm8hn66uk5qhd08oeu7lyz87g', 'Game of the Year', 2025),
(17, 'Clair Obscur: Expedition 33', 'https://cms-assets.unrealengine.com/AiKUh5PQCTaOFnmJDZJBfz/resize=width:1920/output=format:webp/cm8hn66uk5qhd08oeu7lyz87g', 'Most Anticipated', 2025),
(18, 'God of War Ragnarök', 'https://sm.ign.com/t/ign_in/photo/default/godofwarragnarokps5vsps4provsps4performancereview-36190303-g_gupy.1280.jpg', 'Game of the Year', 2023),
(19, 'God of War Ragnarök', 'https://sm.ign.com/t/ign_in/photo/default/godofwarragnarokps5vsps4provsps4performancereview-36190303-g_gupy.1280.jpg', 'Best Narrative', 2023),
(20, 'Horizon Forbidden West', 'https://gaming-cdn.com/images/news/articles/5568/cover/1000x563/horizon-forbidden-west-complete-edition-fait-moins-bien-que-zero-dawn-a-son-lancement-sur-steam-cover660292e8ceaf6.jpg', 'Best Art Direction', 2023),
(21, 'Resident Evil 4 Remake', 'https://files.vgtimes.ru/si/post_96920_1x1_ru.webp', 'Best Audio Design', 2023),
(22, 'The Legend of Zelda: Tears of the Kingdom', 'https://upload.wikimedia.org/wikipedia/commons/c/c9/Princess_Zelda_Tears_Of_The_Kingdom.jpg', 'Game of the Year', 2023),
(23, 'The Legend of Zelda: Tears of the Kingdom', 'https://upload.wikimedia.org/wikipedia/commons/c/c9/Princess_Zelda_Tears_Of_The_Kingdom.jpg', 'Best Innovation', 2023),
(24, 'Cyberpunk 2077: Phantom Liberty', 'https://sm.pcmag.com/t/pcmag_me/review/c/cyberpunk-/cyberpunk-2077-phantom-liberty_tvtm.1920.jpg', 'Most Anticipated', 2025),
(25, 'Final Fantasy XVI', 'https://fyre.cdn.sewest.net/ff-xvi/637cf9194dc880a0db62c591/hero_bg-tT8XHFrO5.jpg?quality=85&width=3840', 'Game of the Year', 2025),
(26, 'Final Fantasy XVI', 'https://fyre.cdn.sewest.net/ff-xvi/637cf9194dc880a0db62c591/hero_bg-tT8XHFrO5.jpg?quality=85&width=3840', 'Best Narrative', 2025),
(27, 'Starfield', 'https://images.mweb.bethesda.net/_images/starfield_creations_watchtower-1.jpg?s=k1puLWS2G5NkC-JRgjjOfi0CdVhZAhQT6e4-XGDlx1s', 'Best Action', 2025);

-- --------------------------------------------------------

--
-- Tábla szerkezet ehhez a táblához `datas`
--

CREATE TABLE `datas` (
  `id` int(11) NOT NULL,
  `game_pic` varchar(255) DEFAULT NULL,
  `name` varchar(255) DEFAULT NULL,
  `release_date` date DEFAULT NULL,
  `prize` decimal(10,2) DEFAULT NULL,
  `isDiscount` tinyint(1) NOT NULL DEFAULT 0,
  `discountPerc` int(11) DEFAULT 0,
  `available` tinyint(1) DEFAULT 1,
  `genre_id` int(11) DEFAULT NULL
) ENGINE=InnoDB DEFAULT CHARSET=utf8mb4 COLLATE=utf8mb4_general_ci;

--
-- A tábla adatainak kiíratása `datas`
--

INSERT INTO `datas` (`id`, `game_pic`, `name`, `release_date`, `prize`, `isDiscount`, `discountPerc`, `available`, `genre_id`) VALUES
(1, 'https://shared.fastly.steamstatic.com/store_item_assets/steam/apps/1245620/capsule_616x353.jpg?t=1748630546', 'Elden Ring', '2022-02-25', 59.99, 0, 0, 1, 1),
(2, 'https://upload.wikimedia.org/wikipedia/en/a/a5/Grand_Theft_Auto_V.png', 'Grand Theft Auto V', '2013-09-17', 29.99, 0, 0, 1, 2),
(3, 'https://media.wired.com/photos/633c95ef85e7a4cc2f802256/master/pass/Breath-of-the-Wild-Casual-Gamer-Culture.jpg', 'The Legend of Zelda: Breath of the Wild', '2017-03-03', 59.99, 0, 0, 1, 2),
(4, 'https://upload.wikimedia.org/wikipedia/en/9/9f/Cyberpunk_2077_box_art.jpg', 'Cyberpunk 2077', '2020-12-10', 49.99, 0, 0, 1, 3),
(5, 'https://c.files.bbci.co.uk/3D08/production/_131442651_mediaitem131442649.jpg', 'Minecraft', '2011-11-18', 26.95, 0, 0, 1, 4),
(6, 'https://i.insider.com/5b5126aea0374026008b47ca?width=1022&format=jpeg', 'Fortnite', '2017-07-25', 0.00, 0, 0, 1, 5),
(7, 'https://portforward.com/call-of-duty-modern-warfare-ii/call-of-duty-modern-warfare-ii-header-small.webp', 'Call of Duty: Modern Warfare II', '2022-10-28', 69.99, 0, 0, 1, 6),
(8, 'https://cdn2.unrealengine.com/hades-wallpaper-01-1920x1079-2edc605bbf52.jpg', 'Hades', '2020-09-17', 24.99, 0, 0, 1, 7),
(9, 'https://upload.wikimedia.org/wikipedia/en/1/1f/Animal_Crossing_New_Horizons.jpg', 'Animal Crossing: New Horizons', '2020-03-20', 59.99, 0, 0, 1, 8),
(10, 'https://images.squarespace-cdn.com/content/v1/606d159a953867291018f801/1619987722169-VV6ZASHHZNRBJW9X0PLK/Key_Art_02_layeredjpg.jpg?format=1500w', 'Hollow Knight', '2017-02-24', 14.99, 0, 0, 1, 9),
(11, 'https://upload.wikimedia.org/wikipedia/en/4/44/Red_Dead_Redemption_II.jpg', 'Red dead Redemption 2', '2018-10-26', 39.99, 0, 0, 1, 2),
(12, 'https://upload.wikimedia.org/wikipedia/en/a/a7/God_of_War_4_cover.jpg', 'God of War', '2018-04-20', 49.99, 0, 0, 1, 10),
(13, 'https://blz-contentstack-images.akamaized.net/v3/assets/blt2477dcaf4ebd440c/bltdabc3782553659f1/6785b50a1970a9f14eb5ccd7/xboxshowcase.png', 'Overwatch 2', '2022-10-04', 0.00, 0, 0, 1, 6),
(14, 'https://cdn.arstechnica.net/wp-content/uploads/2020/04/valorant-listing-scaled.jpg', 'Valorant', '2020-06-02', 0.00, 0, 0, 1, 6),
(15, 'https://upload.wikimedia.org/wikipedia/en/a/ae/Tetris_Effect_cover.jpg', 'Tetris Effect', '2018-11-09', 19.99, 0, 0, 1, 11),
(16, 'https://media.printler.com/media/photo/187246.jpg?rmode=crop&width=638&height=900', 'Doom Eternal', '2020-03-20', 39.99, 0, 0, 1, 6),
(17, 'https://media.wired.com/photos/65de6b587f1f5ec3f36a117e/3:2/w_2560%2Cc_limit/Stardew-Valley-Update-Announcement-Gear-Multiplayer_Screenshot2.jpg', 'Stardew Valley', '2016-02-26', 14.99, 0, 0, 1, 8),
(18, 'https://images.gamewatcherstatic.com/image/file/5/83/131635/LOLWall.jpg', 'League of Legends', '2009-10-27', 0.00, 0, 0, 1, 12),
(19, 'https://encrypted-tbn0.gstatic.com/images?q=tbn:ANd9GcSznnWoYN2cmS-3P49_yvjpUeAToiRDPa7JZQ&s', 'Apex Legends', '2019-02-04', 0.00, 0, 0, 1, 5),
(20, 'https://upload.wikimedia.org/wikipedia/en/d/df/Resident_Evil_4_remake_cover_art.jpg', 'Resident Evil 4 Remake', '2023-03-24', 59.99, 0, 0, 1, 13),
(21, 'https://shared.fastly.steamstatic.com/store_item_assets/steam/apps/2420110/capsule_616x353.jpg?t=1737564719', 'Horizon Forbidden West', '2022-02-18', 69.99, 0, 0, 1, 1),
(22, 'https://shared.fastly.steamstatic.com/store_item_assets/steam/apps/814380/capsule_616x353.jpg?t=1726158438', 'Sekiro: Shadows Die Twice', '2019-03-22', 59.99, 0, 0, 1, 2),
(23, 'https://upload.wikimedia.org/wikipedia/en/2/22/Death_Stranding.jpg', 'Death Stranding', '2019-11-08', 49.99, 0, 0, 1, 10),
(24, 'https://assets.nintendo.com/image/upload/c_fill,w_1200/q_auto:best/f_auto/dpr_2.0/ncom/software/switch/70010000006442/691ba3e0801180a9864cc8a7694b6f98097f9d9799bc7e3dc6db92f086759252', 'Celeste', '2018-01-25', 19.99, 0, 0, 1, 14),
(25, 'https://blogger.googleusercontent.com/img/b/R29vZ2xl/AVvXsEjkwVU1hYrvR4S9y_1o6Q2U-y5KBC0kl9Fs63ueXkTfpy8m9iUZkrH665gZDYffIVrN7RyB7X_p-4tPpLcC6y_9P399OoPYJBnP3eIKeP1oM0jHYWZG6iWsftB18AJQKH927RwaqobN1Qh5/s1600/Bloodborne-Game-Wallpaper.jpg', 'Bloodborne', '2015-03-24', 39.99, 0, 0, 1, 1),
(26, 'https://media.icdn.hu/content/entity/2019/02/49574/5d2865ec98574nierlogo.jpg', 'NieR: Automata', '2017-02-23', 39.99, 0, 0, 1, 1),
(27, 'https://shared.fastly.steamstatic.com/store_item_assets/steam/apps/1426210/capsule_616x353.jpg?t=1730911936', 'It Takes Two', '2021-03-26', 39.99, 0, 0, 1, 15),
(28, 'https://upload.wikimedia.org/wikipedia/en/1/16/Fire_Emblem_Three_Houses.jpg', 'Fire Emblem: Three Houses', '2019-07-26', 59.99, 0, 0, 1, 16),
(29, 'https://assets.nintendo.com/image/upload/ar_16:9,c_lpad,w_1240/b_white/f_auto/q_auto/ncom/software/switch/70010000046395/94a4095cda06c4d85c637d1af451979f9933302b6b17174d97c45de7a68584a2', 'Splatoon 3', '2022-09-09', 59.99, 0, 0, 1, 17),
(30, 'https://upload.wikimedia.org/wikipedia/en/f/fe/Bayonetta_3_cover.webp', 'Bayonetta 3', '2022-10-28', 59.99, 0, 0, 1, 10),
(31, 'https://upload.wikimedia.org/wikipedia/en/a/ae/A_Plague_Tale_Requiem_cover_art.jpg', 'A Plague Tale: Requiem', '2022-10-18', 49.99, 0, 0, 1, 2),
(32, 'https://shared.fastly.steamstatic.com/store_item_assets/steam/apps/2138710/capsule_616x353.jpg?t=1734256859', 'Sifu', '2022-02-08', 39.99, 0, 0, 1, 10),
(33, 'https://upload.wikimedia.org/wikipedia/en/e/eb/Cuphead_%28artwork%29.png', 'Cuphead', '2017-09-29', 19.99, 0, 0, 1, 18),
(34, 'https://helios-i.mashable.com/imagery/articles/00iMVz5oU69RK9UEoPsZTMW/hero-image.fill.size_1248x702.v1623390188.jpg', 'Ghost of Tsushima', '2020-07-17', 59.99, 0, 0, 1, 2),
(35, 'https://images.squarespace-cdn.com/content/v1/5f0f94f64a47900bb21e117e/1650575087045-SUFVFHNI58T1V07NWY1X/arklp.jpg?format=1000w', 'Tunic', '2022-03-16', 29.99, 0, 0, 1, 2),
(36, 'https://gepig.com/game_cover_460w/5639.jpg', 'Control', '2019-08-27', 39.99, 0, 0, 1, 2),
(37, 'https://upload.wikimedia.org/wikipedia/en/5/50/INSIDE_Xbox_One_cover_art.png', 'Inside', '2016-06-29', 19.99, 0, 0, 1, 19),
(38, 'https://upload.wikimedia.org/wikipedia/en/c/cc/Limbo_Box_Art.jpg', 'Limbo', '2010-07-21', 9.99, 0, 0, 1, 19),
(39, 'https://sm.ign.com/ign_hu/blogroll/default/returnal-final-preview-blog-1619015711197-1624960579739_whnk.jpg', 'Returnal', '2021-04-30', 69.99, 0, 0, 1, 20),
(40, 'https://shared.fastly.steamstatic.com/store_item_assets/steam/apps/1693980/capsule_616x353.jpg?t=1702492799', 'Dead Space Remake', '2023-01-27', 69.99, 0, 0, 1, 13),
(41, 'https://data.xxlgamer.com/products/5131/EgzSJKhYJ6m6yy-medium.jpg', 'Among Us', '2018-06-15', 4.99, 0, 0, 1, 21),
(42, 'https://cdn.dlcompare.com/game_tetiere/upload/gameimage/file/40125.jpeg.webp', 'Halo Infinite', '2021-12-08', 59.99, 0, 0, 1, 22),
(43, 'https://upload.wikimedia.org/wikipedia/en/8/8d/Super_Mario_Odyssey.jpg', 'Super Mario Odyssey', '2017-10-27', 59.99, 0, 0, 1, 14),
(44, 'https://upload.wikimedia.org/wikipedia/en/0/0c/Witcher_3_cover_art.jpg', 'The Witcher 3: Wild Hunt', '2015-05-19', 39.99, 0, 0, 1, 3),
(45, 'https://m.media-amazon.com/images/M/MV5BZjdiYjJmNDgtYzgxMS00Njk4LWEzZmMtNmVjYWNjNDJkZjViXkEyXkFqcGc@._V1_.jpg', 'Assassin\'s Creed Valhalla', '2020-11-10', 59.99, 0, 0, 1, 10),
(46, 'https://upload.wikimedia.org/wikipedia/en/0/05/Destiny_2_%28artwork%29.jpg', 'Destiny 2', '2017-09-06', 0.00, 0, 0, 1, 22),
(47, 'https://sm.ign.com/ign_ap/cover/f/fall-guys-/fall-guys-ultimate-knockout_bafj.jpg', 'Fall Guys', '2020-08-04', 19.99, 0, 0, 1, 21),
(48, 'https://i.guim.co.uk/img/media/ae184267567d50db7753e6a20e8f9bc345fb9225/0_170_1934_1160/master/1934.jpg?width=1200&height=900&quality=85&auto=format&fit=crop&s=7a58c7a8fd06ce59397eecea626bb566', 'Minecraft Dungeons', '2020-05-26', 19.99, 0, 0, 1, 23),
(49, 'https://upload.wikimedia.org/wikipedia/commons/thumb/e/e0/Rocket_League_coverart.jpg/250px-Rocket_League_coverart.jpg', 'Rocket League', '2015-07-07', 19.99, 0, 0, 1, 24),
(50, 'https://cdn.mobygames.com/covers/9213927-genshin-impact-playstation-4-front-cover.jpg', 'Genshin Impact', '2020-09-28', 0.00, 0, 0, 1, 3),
(51, 'https://hd2.tudocdn.net/913677?w=1920', 'Halo 3', '2007-09-25', 19.99, 0, 0, 1, 22),
(52, 'https://upload.wikimedia.org/wikipedia/en/f/f0/Battlefield_V_standard_edition_box_art.jpg', 'Battlefield V', '2018-11-20', 39.99, 0, 0, 1, 22),
(53, 'https://www.fountaindale.org/wp-content/uploads/Images/Blog-Photos/20_persona-royal-450x450.jpg', 'Persona 5', '2019-03-31', 59.99, 0, 0, 1, 3),
(54, 'https://upload.wikimedia.org/wikipedia/en/b/b7/Dead_by_Daylight_Steam_header.jpg', 'Dead by Daylight', '2016-06-14', 19.99, 0, 0, 1, 25),
(55, 'https://upload.wikimedia.org/wikipedia/en/8/87/Forza_Horizon_4_cover.jpg', 'Forza Horizon 4', '2018-10-02', 59.99, 0, 0, 1, 26),
(56, 'https://upload.wikimedia.org/wikipedia/en/e/e7/The_Outer_Worlds_cover_art.png', 'The Outer Worlds', '2019-10-25', 59.99, 0, 0, 1, 3),
(57, 'https://upload.wikimedia.org/wikipedia/en/thumb/a/af/Cover_Art_of_Metro_Exodus.png/250px-Cover_Art_of_Metro_Exodus.png', 'Metro Exodus', '2019-02-15', 59.99, 0, 0, 1, 22),
(58, 'https://images.ctfassets.net/wn7ipiv9ue5v/1vx25DlWzcRohbJnhBxgkr/1c9d2f64cdf84cc692e3dafc0196e352/2KSMKT_BR3_SDE_1310x738__1_.jpg', 'Borderlands 3', '2019-09-13', 59.99, 0, 0, 1, 22),
(59, 'https://upload.wikimedia.org/wikipedia/en/9/94/Ori_and_the_Will_of_the_Wisps.jpg', 'Ori and the Will of the Wisps', '2020-03-11', 29.99, 0, 0, 1, 14),
(60, 'https://assetsio.gnwcdn.com/watch-dogs-legion-review-a-bleak-and-buggy-retread-of-ubisofts-formula-1604389923218.jpg?width=1200&height=900&fit=crop&quality=100&format=png&enable=upscale&auto=webp', 'Watch Dogs: Legion', '2020-10-29', 59.99, 0, 0, 1, 10),
(61, 'https://helios-i.mashable.com/imagery/articles/01cwlWvPAHuVnGDpMp8KtMc/hero-image.fill.size_1248x702.v1633903510.jpg', 'Far Cry 6', '2021-10-07', 59.99, 0, 0, 1, 22),
(62, 'https://upload.wikimedia.org/wikipedia/en/2/2c/Ghostrunner_cover_art.jpg', 'Ghostrunner', '2020-10-27', 29.99, 0, 0, 1, 10),
(63, 'https://upload.wikimedia.org/wikipedia/en/8/84/Little_Nightmares_II_cover.jpg', 'Little Nightmares II', '2021-02-11', 29.99, 0, 0, 1, 25),
(64, 'https://www.tombraider.com/_next/image?url=https%3A%2F%2Fimages.ctfassets.net%2Fx77ixfmkpoiv%2F4UnPNfdN8Yq2aZvOhIdBx9%2F1b641d296ebb37bfa3eca8873c25a321%2FSOTTR_Product_Image.jpg&w=3840&q=75', 'Shadow of the Tomb Raider', '2018-09-14', 39.99, 0, 0, 1, 10),
(65, 'https://m.media-amazon.com/images/M/MV5BZWJkZWNkZDgtOTMzMS00NjlhLTk5MTEtZWFiMTQ0MzE4MzAyXkEyXkFqcGc@._V1_FMjpg_UX1000_.jpg', 'Terraria', '2011-05-16', 9.99, 0, 0, 1, 4),
(66, 'https://upload.wikimedia.org/wikipedia/en/1/15/The_Elder_Scrolls_V_Skyrim_cover.png', 'The Elder Scrolls V: Skyrim', '2011-11-11', 39.99, 0, 0, 1, 3),
(67, 'https://cdn.displate.com/artwork/857x1200/2023-02-01/2cf201b54d230f2f7ebb7d7a85de3d85_5ed333b5962130ee1c8bc3f55b4acb60.jpg', 'Titanfall 2', '2016-10-28', 19.99, 0, 0, 1, 22),
(68, 'https://upload.wikimedia.org/wikipedia/en/2/2b/ArkSurvivalEvolved.png', 'ARK: Survival Evolved', '2017-08-29', 59.99, 0, 0, 1, 27),
(69, 'https://upload.wikimedia.org/wikipedia/en/e/ec/Battlefield_2042_cover_art.jpg', 'Battlefield 2042', '2021-11-19', 59.99, 0, 0, 1, 22),
(70, 'https://store-images.s-microsoft.com/image/apps.36487.69661693038755748.20d2d8fc-4614-415f-8f25-8fed634ea6ce.f9c25a1f-6330-47a3-a918-52c192faeaf6?q=90&w=480&h=270', 'Borderlands 2', '2012-09-18', 19.99, 0, 0, 1, 22),
(71, 'https://assetsio.gnwcdn.com/dead_rising_41.jpg?width=1200&height=900&fit=crop&quality=100&format=png&enable=upscale&auto=webp', 'Dead Rising 4', '2016-12-06', 29.99, 0, 0, 1, 10),
(72, 'https://upload.wikimedia.org/wikipedia/en/7/70/Fallout_4_cover_art.jpg', 'Fallout 4', '2015-11-10', 39.99, 0, 0, 1, 3),
(73, 'https://cdn.wccftech.com/wp-content/uploads/2016/10/Final-Fantasy-XV-HDR.jpg', 'Final Fantasy XV', '2016-11-29', 29.99, 0, 0, 1, 3),
(74, 'https://upload.wikimedia.org/wikipedia/en/2/2f/Forza_7_art.jpg', 'Forza Motorsport 7', '2017-10-03', 39.99, 0, 0, 1, 26),
(76, 'https://upload.wikimedia.org/wikipedia/en/4/4b/Hitman_3_Packart.jpg', 'Hitman 3', '2021-01-20', 59.99, 0, 0, 1, 28),
(77, 'https://upload.wikimedia.org/wikipedia/en/9/93/Horizon_Zero_Dawn.jpg', 'Horizon Zero Dawn', '2017-02-28', 29.99, 0, 0, 1, 1),
(78, 'https://upload.wikimedia.org/wikipedia/en/thumb/6/6d/Subnautica_cover_art.png/250px-Subnautica_cover_art.png', 'Subnautica', '2018-01-23', 29.99, 0, 0, 1, 27),
(79, 'https://store-images.s-microsoft.com/image/apps.8440.68311792912961316.3b0709ee-2e0c-48af-868c-64e971d60a1c.5fbfe112-3af1-465d-a6da-6f7152d48ee6?q=90&w=480&h=270', 'Mad Max', '2015-09-01', 29.99, 0, 0, 1, 10),
(80, 'https://fyre.cdn.sewest.net/life-is-strange-hub/6634aba837d4a15412aaed4b/life-is-strange-2024-2--nN3g9MGLt.jpg?quality=85&width=3840', 'Life is Strange', '2015-01-30', 19.99, 0, 0, 1, 23),
(81, 'https://upload.wikimedia.org/wikipedia/en/f/f9/Portal2cover.jpg', 'Portal 2', '2011-04-19', 19.99, 0, 0, 1, 11),
(82, 'https://m.media-amazon.com/images/M/MV5BMDViMTAwMTctZDBmMS00OWQwLTg1MzUtMzMwZGQ0YzA0NTFiXkEyXkFqcGc@._V1_.jpg', 'World of Warcraft', '2004-11-23', 14.99, 0, 0, 1, 29),
(83, 'https://gamecritics.com/wp-content/uploads/2018/12/Hitman-2-01.jpg', 'Hitman 2', '2018-11-13', 39.99, 0, 0, 1, 28),
(84, 'https://upload.wikimedia.org/wikipedia/en/7/7e/Mortal_Kombat_11_cover_art.png', 'Mortal Kombat 11', '2019-04-23', 39.99, 0, 0, 1, 30),
(85, 'https://upload.wikimedia.org/wikipedia/en/7/7f/Cover_Art_of_Need_for_Speed_Heat.png', 'Need for Speed Heat', '2019-11-08', 39.99, 0, 0, 1, 26),
(86, 'https://upload.wikimedia.org/wikipedia/en/thumb/4/47/Tom_Clancy%27s_Rainbow_Six_Siege_cover_art.jpg/250px-Tom_Clancy%27s_Rainbow_Six_Siege_cover_art.jpg', 'Rainbow Six Siege', '2015-12-01', 19.99, 0, 0, 1, 22),
(87, 'https://e.snmc.io/lk/lv/x/edd3c892d16df89d7dfea2a16f63c9a4/7740094', 'Tekken 7', '2017-06-02', 39.99, 0, 0, 1, 30),
(88, 'https://upload.wikimedia.org/wikipedia/en/9/99/ACOdysseyCoverArt.png', 'Assassin’s Creed Odyssey', '2018-10-05', 39.99, 0, 0, 1, 3),
(89, 'https://upload.wikimedia.org/wikipedia/en/3/31/BOCW_Cover_Art.jpg', 'Call of Duty: Black Ops Cold War', '2020-11-13', 59.99, 1, 42, 1, 22),
(90, 'https://upload.wikimedia.org/wikipedia/en/c/cb/Devil_May_Cry_5.jpg', 'Devil May Cry 5', '2019-03-08', 39.99, 0, 0, 1, 10),
(91, 'https://upload.wikimedia.org/wikipedia/en/5/54/Wolfenstein-ii-the-new-colossus-cover.jpeg', 'Wolfenstein II: The New Colossus', '2017-10-27', 39.99, 0, 0, 1, 22),
(92, 'https://upload.wikimedia.org/wikipedia/en/thumb/8/86/F1_2021_cover_art.jpg/250px-F1_2021_cover_art.jpg', 'F1 2021', '2021-07-16', 59.99, 0, 0, 1, 26),
(93, 'https://upload.wikimedia.org/wikipedia/en/8/86/Forza_Horizon_5_cover_art.jpg', 'Forza Horizon 5', '2021-11-09', 59.99, 0, 0, 1, 26),
(94, 'https://p1.akcdn.net/full/873067848.square-enix-just-cause-4-digital-deluxe-edition-pc.jpg', 'Just Cause 4', '2018-12-04', 39.99, 0, 0, 1, 10),
(95, 'https://encrypted-tbn0.gstatic.com/images?q=tbn:ANd9GcRDHmR-UElz3Easu6ByFvj3xsD_tPBzo73EZNLnQvAQ3NP1JJH--tXaWH9MuBhHEp04D24&usqp=CAU', 'Killer Instinct', '2017-03-29', 19.99, 0, 0, 1, 30),
(96, 'https://upload.wikimedia.org/wikipedia/en/4/4d/Layers_of_Fear_Cover.png', 'Layers of Fear', '2016-02-16', 19.99, 0, 0, 1, 25),
(97, 'https://upload.wikimedia.org/wikipedia/en/6/67/No_Man%27s_Sky.jpg', 'No Man’s Sky', '2016-08-09', 59.99, 0, 0, 1, 31),
(98, 'https://upload.wikimedia.org/wikipedia/en/thumb/9/98/Rainbow_Six_Extraction_cover_art.jpg/250px-Rainbow_Six_Extraction_cover_art.jpg', 'Rainbow Six Extraction', '2022-01-20', 59.99, 0, 0, 1, 22),
(99, 'https://upload.wikimedia.org/wikipedia/en/f/fd/Resident_Evil_2_Remake.jpg', 'Resident Evil 2 Remake', '2019-01-25', 39.99, 0, 0, 1, 25),
(100, 'https://magyaritasok.hu/storage/images/cover/co24t8.jpg', 'Sniper Elite 4', '2017-02-14', 29.99, 0, 0, 1, 22),
(101, 'https://upload.wikimedia.org/wikipedia/en/9/9d/State_of_Decay_2_art.jpg', 'State of Decay 2', '2018-05-22', 29.99, 0, 0, 1, 27),
(102, 'https://upload.wikimedia.org/wikipedia/en/8/84/Titanfall_box_art.jpg', 'Titanfall', '2014-03-11', 29.99, 0, 0, 1, 22),
(103, 'https://rukminim2.flixcart.com/image/850/1000/kylvr0w0/poster/1/2/e/medium-uncharted-4-a-thief-s-end-video-games-matte-finish-poster-original-imagaspxaswhh9up.jpeg?q=90&crop=false', 'Uncharted 4: A Thief’s End', '2016-05-10', 39.99, 0, 0, 1, 10),
(104, 'https://upload.wikimedia.org/wikipedia/en/b/b0/Watch_Dogs_2.jpg', 'Watch Dogs 2', '2016-11-15', 39.99, 0, 0, 1, 10),
(105, 'https://i0.wp.com/enderg.com/wp-content/uploads/2022/08/fifa-22-23.png?fit=476%2C477&ssl=1', 'FIFA 22', '2021-10-01', 59.99, 0, 0, 1, 24),
(106, 'https://upload.wikimedia.org/wikipedia/en/f/f1/TombRaider2013.jpg', 'Tomb Raider (2013)', '2013-03-05', 29.99, 0, 0, 1, 10),
(107, 'https://upload.wikimedia.org/wikipedia/en/6/6a/Unravel_cover_art.jpg', 'Unravel', '2016-02-09', 19.99, 0, 0, 1, 32),
(108, 'https://upload.wikimedia.org/wikipedia/en/d/d9/Watch_Dogs_box_art.jpg', 'Watch Dogs', '2014-05-27', 39.99, 0, 0, 1, 10),
(109, 'https://hips.hearstapps.com/hmg-prod/images/wolfenstein-youngblood-1564131787.jpg?crop=0.564xw:1.00xh;0.147xw,0&resize=640:*', 'Wolfenstein: Youngblood', '2019-07-26', 39.99, 0, 0, 1, 22),
(110, 'https://upload.wikimedia.org/wikipedia/en/4/4b/The_Elder_Scrolls_IV_Oblivion_cover.png', 'The Elder Scrolls IV: Oblivion', '2006-03-20', 19.99, 0, 0, 1, 3),
(111, 'https://upload.wikimedia.org/wikipedia/en/a/a3/Subnautica_Below_Zero_cover_art.jpg', 'Subnautica: Below Zero', '2021-05-14', 29.99, 0, 0, 1, 27),
(112, 'https://upload.wikimedia.org/wikipedia/en/a/a3/Official_cover_art_for_Bioshock_Infinite.jpg', 'Bioshock Infinite', '2013-03-26', 29.99, 0, 0, 1, 22),
(113, 'https://m.media-amazon.com/images/I/71Gzzr-YRsL._AC_UF1000,1000_QL80_.jpg', 'Alan Wake', '2010-05-14', 19.99, 0, 0, 1, 10),
(114, 'https://upload.wikimedia.org/wikipedia/en/0/03/Far_Cry_5_boxshot.jpg', 'Far Cry 5', '2018-03-27', 59.99, 0, 0, 1, 22),
(115, 'https://upload.wikimedia.org/wikipedia/en/b/b7/Grand_Theft_Auto_IV_cover.jpg', 'Grand Theft Auto IV', '2008-04-29', 29.99, 0, 0, 1, 10),
(116, 'https://upload.wikimedia.org/wikipedia/en/thumb/e/e1/Spider-Man_PS4_cover.jpg/250px-Spider-Man_PS4_cover.jpg', 'Marvel’s Spider-Man', '2018-09-07', 59.99, 0, 0, 1, 10),
(117, 'https://m.media-amazon.com/images/M/MV5BZGMyMDBjZWMtMjFkNi00OWI1LWIyNmUtMDlkNDRiMjUyYWE2XkEyXkFqcGc@._V1_.jpg', 'Yakuza 0', '2017-03-12', 39.99, 0, 0, 1, 10),
(118, 'https://upload.wikimedia.org/wikipedia/en/b/bd/Warframe_Cover_Art.png', 'Warframe', '2013-03-25', 0.00, 0, 0, 1, 29),
(119, 'https://upload.wikimedia.org/wikipedia/en/8/80/Diablo_III_cover.png', 'Diablo III', '2012-05-15', 39.99, 0, 0, 1, 3),
(120, 'https://upload.wikimedia.org/wikipedia/en/thumb/c/ce/FFVIIRemake.png/250px-FFVIIRemake.png', 'Final Fantasy VII Remake', '2020-04-10', 59.99, 0, 0, 1, 3),
(121, 'https://upload.wikimedia.org/wikipedia/en/b/b1/Bayonetta_2_box_artwork.png', 'Bayonetta 2', '2014-10-24', 39.99, 0, 0, 1, 10),
(122, 'https://www.sumo-digital.com/wp-content/uploads/2023/11/mafia.jpg', 'Mafia III', '2016-10-07', 29.99, 0, 0, 1, 10),
(123, 'https://upload.wikimedia.org/wikipedia/en/thumb/3/3c/LA-Noire-Box-Art.jpg/250px-LA-Noire-Box-Art.jpg', 'L.A. Noire', '2011-05-17', 29.99, 0, 0, 1, 10),
(124, 'https://upload.wikimedia.org/wikipedia/en/d/dc/Resident_Evil_3.jpg', 'Resident Evil 3 Remake', '2020-04-03', 59.99, 0, 0, 1, 25),
(125, 'https://m.media-amazon.com/images/M/MV5BYjU5YWNmZGQtZTZhOS00ZGJjLWE4ZmMtYTJiODYxZDlhYzc5XkEyXkFqcGc@._V1_.jpg', 'Roblox', '2006-09-01', 0.00, 0, 0, 1, 4),
(126, 'https://upload.wikimedia.org/wikipedia/en/5/5d/SaintsRowIV.jpg', 'Saints Row IV', '2013-08-20', 29.99, 0, 0, 1, 10),
(127, 'https://upload.wikimedia.org/wikipedia/en/7/77/Sea_of_thieves_cover_art.jpg', 'Sea of Thieves', '2018-03-20', 39.99, 0, 0, 1, 23),
(128, 'https://upload.wikimedia.org/wikipedia/en/c/c8/Shovel_knight_cover.jpg', 'Shovel Knight', '2014-06-26', 19.99, 0, 0, 1, 14),
(129, 'https://upload.wikimedia.org/wikipedia/en/5/5f/Tf2_standalonebox.jpg', 'Team Fortress 2', '2007-10-10', 0.00, 0, 0, 1, 22),
(130, 'https://store-images.s-microsoft.com/image/apps.2698.70012318168468878.5eebf938-97f1-4542-82e0-499e9e44e737.bb898327-ced8-4279-8f20-69f91c770fa8?q=90&w=480&h=270', 'The Surge 2', '2019-09-24', 39.99, 0, 0, 1, 3),
(131, 'https://m.media-amazon.com/images/M/MV5BYmYxY2E3MjktYmIxNi00MGZiLWJlM2UtYjQ2ZTkwZDVmMDE2XkEyXkFqcGc@._V1_.jpg', 'Undertale', '2015-09-15', 9.99, 0, 0, 1, 3),
(132, 'https://upload.wikimedia.org/wikipedia/en/d/d7/Until_Dawn_cover_art.jpg', 'Until Dawn', '2015-08-25', 39.99, 0, 0, 1, 25),
(133, 'https://static0.gamerantimages.com/wordpress/wp-content/uploads/2024/10/alien-isolation-sequel-xenomorph.jpg', 'Alien: Isolation', '2014-10-07', 29.99, 0, 0, 1, 25),
(134, 'https://www.arthipo.com/image/cache/catalog/poster/game/pgame15-battlefield-1-game-poster-2-1000x563.webp', 'Battlefield 1', '2016-10-21', 39.99, 0, 0, 1, 22),
(136, 'https://upload.wikimedia.org/wikipedia/en/1/1f/Dead_cells_cover_art.png', 'Dead Cells', '2018-08-07', 24.99, 0, 0, 1, 7),
(137, 'https://upload.wikimedia.org/wikipedia/en/6/68/Halo_Guardians.png', 'Halo 5: Guardians', '2015-10-27', 29.99, 0, 0, 1, 22),
(138, 'https://hype.games/_next/image?url=https%3A%2F%2Fimg.hype.games%2Fcdn%2F4becd989-efd6-4bf2-8b59-4f7f143da7bcInjustice%202%20cover.jpg&w=3840&q=75', 'Injustice 2', '2017-05-16', 39.99, 0, 0, 1, 30),
(139, 'https://i.discogs.com/64KfnFV1LJDM0X-KFjzFGfXuWMMHCxMzEg0GqWksF1I/rs:fit/g:sm/q:40/h:300/w:300/czM6Ly9kaXNjb2dz/LWRhdGFiYXNlLWlt/YWdlcy9SLTE0NDgw/MDMwLTE1NzU1ODc0/MDQtNzQxNC5qcGVn.jpeg', 'Life is Strange 2', '2018-09-27', 29.99, 0, 0, 1, 23),
(140, 'https://upload.wikimedia.org/wikipedia/en/2/21/Max_Payne_3_Cover.jpg', 'Max Payne 3', '2012-05-15', 19.99, 0, 0, 1, 10),
(141, 'https://sm.ign.com/ign_ap/review/o/overcooked/overcooked-2-review_61vh.jpg', 'Overcooked! 2', '2018-08-07', 24.99, 0, 0, 1, 21),
(142, 'https://upload.wikimedia.org/wikipedia/en/b/ba/Left4Dead2.jpg', 'Left 4 Dead 2', '2009-11-17', 19.99, 0, 0, 1, 22),
(143, 'https://upload.wikimedia.org/wikipedia/en/e/e1/The_Binding_of_Issac_Rebirth_cover.jpg', 'The Binding of Isaac: Rebirth', '2014-11-04', 14.99, 0, 0, 1, 7),
(144, 'https://m.media-amazon.com/images/M/MV5BNjQ1YTI4N2EtOGViYS00ZDlkLTg1NWItMDFkNjY4N2RjZDA0XkEyXkFqcGc@._V1_FMjpg_UX1000_.jpg', 'Smite', '2014-03-25', 0.00, 0, 0, 1, 12),
(145, 'https://upload.wikimedia.org/wikipedia/en/8/80/Street_Fighter_V_box_artwork.png', 'Street Fighter V', '2016-02-16', 39.99, 0, 0, 1, 30),
(146, 'https://assets1.ignimgs.com/2019/06/04/legend-of-zelda-ocarina-of-time-3d-1559683061479.jpg', 'The Legend of Zelda: Ocarina of Time 3D', '2011-06-19', 39.99, 0, 0, 1, 2),
(147, 'https://m.media-amazon.com/images/I/71l7wuDLCyL.jpg', 'Pokémon X', '2013-10-12', 44.99, 0, 0, 1, 3),
(148, 'https://m.media-amazon.com/images/I/81J+Jx1NiaL.jpg', 'Super Mario 3D Land', '2011-11-13', 29.99, 0, 0, 1, 14),
(149, 'https://upload.wikimedia.org/wikipedia/en/e/ed/Alan_Wake_2_box_art.jpg', 'Alan Wake II', '2023-10-27', 59.99, 0, 0, 1, 25),
(151, 'https://fifauteam.com/images/covers/fifa23/standard-cg.webp', 'FIFA 23', '2022-09-30', 69.99, 0, 0, 1, 24),
(152, 'https://plixton.de/cdn/shop/articles/frostpunk-tipps-plixton.png?v=1635359941&width=1920', 'Frostpunk', '2018-04-24', 24.99, 0, 0, 1, 33),
(153, 'https://cdn.alza.hu/Foto/ImgGalery/Image/gran-turismo-7-key-art_1.jpg', 'Gran Turismo 7', '2022-03-04', 69.99, 0, 0, 1, 34),
(154, 'https://upload.wikimedia.org/wikipedia/en/4/46/TheForest_Game.jpg', 'The Forest', '2018-04-30', 14.99, 0, 0, 1, 13),
(155, 'https://m.media-amazon.com/images/M/MV5BZDJkZTcxNjAtMDE2ZS00ZTJmLWIwOTQtOTQ1MzM2ZTJhMjU3XkEyXkFqcGc@._V1_FMjpg_UX1000_.jpg', 'Path of Exile', '2013-10-23', 0.00, 0, 0, 1, 1),
(156, 'https://cdn.mobygames.com/covers/10880318-dauntless-xbox-one-front-cover.jpg', 'Dauntless', '2019-09-26', 0.00, 0, 0, 1, 1),
(158, 'https://m.media-amazon.com/images/I/41V200WagZL._AC_UF894,1000_QL80_.jpg', 'Phasmophobia', '2020-09-18', 13.99, 0, 0, 1, 35),
(159, 'https://upload.wikimedia.org/wikipedia/en/thumb/f/fb/The_Legend_of_Zelda_Tears_of_the_Kingdom_cover.jpg/250px-The_Legend_of_Zelda_Tears_of_the_Kingdom_cover.jpg', 'The Legend of Zelda: Tears of the Kingdom', '2023-05-12', 69.99, 0, 0, 1, 2),
(160, 'https://upload.wikimedia.org/wikipedia/en/1/1c/Diablo_IV_cover_art.png', 'Diablo IV', '2023-06-06', 69.99, 0, 0, 1, 3),
(161, 'https://upload.wikimedia.org/wikipedia/en/b/bb/Dark_souls_3_cover_art.jpg', 'Dark Souls III', '2016-04-12', 39.99, 0, 0, 1, 1),
(162, 'https://m.media-amazon.com/images/I/918MBaFEp9L.jpg', 'XCOM 2', '2016-02-05', 39.99, 0, 0, 1, 33),
(163, 'https://upload.wikimedia.org/wikipedia/en/thumb/7/77/Forza_Horizon_boxart.jpg/250px-Forza_Horizon_boxart.jpg', 'Forza Horizon', '2012-10-23', 29.99, 0, 0, 1, 26),
(164, 'https://upload.wikimedia.org/wikipedia/en/2/2e/Forza_Horizon_2_Cover_Art.png', 'Forza Horizon 2', '2014-09-30', 39.99, 0, 0, 1, 26),
(165, 'https://upload.wikimedia.org/wikipedia/en/5/54/Forza_horizon_3_cover_art.jpg', 'Forza Horizon 3', '2016-09-27', 49.99, 0, 0, 1, 26),
(166, 'https://upload.wikimedia.org/wikipedia/en/c/c6/Far_Cry_3_PAL_box_art.jpg', 'Far Cry 3', '2012-11-29', 29.99, 0, 0, 1, 22),
(167, 'https://upload.wikimedia.org/wikipedia/en/6/63/Far_Cry_4_box_art.jpg', 'Far Cry 4', '2014-11-18', 39.99, 0, 0, 1, 22),
(168, 'https://upload.wikimedia.org/wikipedia/en/1/18/Far_Cry_Primal_cover_art.jpg', 'Far Cry Primal', '2016-02-23', 39.99, 0, 0, 1, 2),
(169, 'https://img.redbull.com/images/c_limit,w_1500,h_1000/f_auto,q_auto/redbullcom/2019/02/22/a24e623f-d9ef-4782-bb03-8cf40c33f70d/far-cry-new-dawn-enemy', 'Far Cry New Dawn', '2019-02-15', 39.99, 0, 0, 1, 22),
(170, 'https://sm.ign.com/t/ign_nordic/review/r/resident-e/resident-evil-7-biohazard-review_8qf9.1200.jpg', 'Resident Evil 7: Biohazard', '2017-01-24', 39.99, 0, 0, 1, 13),
(171, 'https://static0.gamerantimages.com/wordpress/wp-content/uploads/2021/05/resident-evil-village-1.jpg', 'Resident Evil Village', '2021-05-07', 59.99, 0, 0, 1, 13),
(172, 'https://upload.wikimedia.org/wikipedia/en/thumb/2/28/Doom_Cover.jpg/250px-Doom_Cover.jpg', 'DOOM (2016)', '2016-05-13', 39.99, 0, 0, 1, 6),
(173, 'https://store-images.s-microsoft.com/image/apps.55076.70302460125194768.98b07d26-79bd-4df7-a56f-45428e24708e.cce77df7-923c-4fbb-b768-76187765eae8?q=90&w=480&h=270', 'Doom 3: BFG Edition', '2012-10-16', 19.99, 0, 0, 1, 6),
(174, 'https://archive.org/download/tekken_1_pal_manual/0001.JPG', 'Tekken', '1994-12-09', 9.99, 0, 0, 1, 30),
(175, 'https://e.snmc.io/lk/f/x/8ac4959f96284e1c8c171887aa83043b/11805688', 'Tekken 4', '2001-07-01', 19.99, 0, 0, 1, 30),
(176, 'https://e.snmc.io/lk/o/x/bacb7e5f8d0fd6e2659c28b2885d05fe/11784818', 'Tekken 5', '2004-11-24', 19.99, 0, 0, 1, 30),
(177, 'https://upload.wikimedia.org/wikipedia/en/2/21/Tekken_6_Box_Art.jpg', 'Tekken 6', '2007-11-26', 29.99, 0, 0, 1, 30),
(178, 'https://upload.wikimedia.org/wikipedia/en/5/5c/Tekken_TT2_console.png', 'Tekken Tag Tournament 2', '2011-09-11', 19.99, 0, 0, 1, 30),
(179, 'https://upload.wikimedia.org/wikipedia/en/thumb/b/b4/Tekken_8_cover_art.jpg/250px-Tekken_8_cover_art.jpg', 'Tekken 8', '2024-01-26', 69.99, 0, 0, 1, 30),
(180, 'https://acloserlisten.com/wp-content/uploads/2019/06/outerwilds.jpg?w=300&h=300', 'Outer Wilds', '2019-05-28', 24.99, 0, 0, 1, 23),
(181, 'https://m.media-amazon.com/images/M/MV5BMTUyOWI1ZTctNmIwYS00MWIxLWEzYzktY2E0NDljNTc2MzkzXkEyXkFqcGc@._V1_FMjpg_UX1000_.jpg', 'Far Cry', '2004-03-23', 14.99, 0, 0, 1, 22),
(182, 'https://upload.wikimedia.org/wikipedia/en/9/97/Far_Cry_2_cover_art.jpg', 'Far Cry 2', '2008-10-21', 19.99, 0, 0, 1, 22),
(183, 'https://cdn.cdkeys.com/496x700/media/catalog/product/s/t/streamer-life-simulator-free-download-steam-repacks_13_.jpg', 'Rayman Legends', '2013-09-03', 19.99, 0, 0, 1, 14),
(184, 'https://store-images.s-microsoft.com/image/apps.8017.65328483881162508.89a95049-a2dc-4b27-8f56-0a4f5a72a393.31a122bb-6c53-49a1-bd7e-a23586dc6961?q=90&w=480&h=270', 'Crash Bandicoot N. Sane Trilogy', '2017-06-30', 39.99, 0, 0, 1, 14),
(185, 'https://upload.wikimedia.org/wikipedia/en/b/b6/Darksiders_3_Box_Art.png', 'Darksiders III', '2018-11-27', 39.99, 0, 0, 1, 10),
(186, 'https://m.media-amazon.com/images/I/71rz9XPq2fL._AC_UF894,1000_QL80_.jpg', 'Nioh 2', '2020-03-13', 59.99, 0, 0, 1, 1),
(187, 'https://sm.ign.com/t/ign_hu/screenshot/default/crysis-remastered_23qd.1280.jpg', 'Crysis Remastered', '2020-09-18', 29.99, 0, 0, 1, 22),
(188, 'https://upload.wikimedia.org/wikipedia/en/2/25/Half-Life_2_cover.jpg', 'Half-Life 2', '2004-11-16', 9.99, 0, 0, 1, 22),
(189, 'https://assets-prd.ignimgs.com/2021/12/20/portal-cover-1640031155845.jpg?crop=1%3A1%2Csmart&format=jpg&auto=webp&quality=80', 'Portal', '2007-10-10', 9.99, 0, 0, 1, 11),
(190, 'https://upload.wikimedia.org/wikipedia/en/5/56/The_Evil_Within_boxart.jpg', 'The Evil Within', '2014-10-14', 19.99, 0, 0, 1, 25),
(191, 'https://upload.wikimedia.org/wikipedia/en/b/bf/The_Evil_Within_2_cover_art.jpg', 'The Evil Within 2', '2017-10-13', 29.99, 0, 0, 1, 25),
(192, 'https://upload.wikimedia.org/wikipedia/en/thumb/2/21/Soma_Game_Art.png/250px-Soma_Game_Art.png', 'SOMA', '2015-09-22', 19.99, 0, 0, 1, 25),
(193, 'https://upload.wikimedia.org/wikipedia/en/a/a8/Day_Z_cover.jpg', 'DayZ', '2018-12-13', 39.99, 0, 0, 1, 27),
(194, 'https://assets-prd.ignimgs.com/2022/01/10/needforspeedmostwanted-sq-1641850444088.jpg', 'Need for Speed: Most Wanted (2012)', '2012-10-30', 19.99, 0, 0, 1, 26),
(195, 'https://encrypted-tbn0.gstatic.com/images?q=tbn:ANd9GcS-v6BxwGmFK28T-XG-NCWR8kmfdoss7a-dPw&s', 'Dirt Rally 2.0', '2019-02-26', 29.99, 0, 0, 1, 26),
(196, 'https://www.slantmagazine.com/wp-content/uploads/2015/06/crysis2.jpg', 'Crysis 2', '2011-03-22', 19.99, 0, 0, 1, 22),
(197, 'https://torrent4you.org/wp-content/uploads/crysis-3.jpg', 'Crysis 3', '2013-02-19', 29.99, 0, 0, 1, 22),
(198, 'https://upload.wikimedia.org/wikipedia/en/5/52/Need_for_Speed_Underground_cover.jpg', 'Need for Speed: Underground', '2003-11-17', 14.99, 0, 0, 1, 26),
(199, 'https://m.media-amazon.com/images/M/MV5BM2ZiNTk2NTYtZDJmNy00MGFiLTljYWQtNGRjY2VkZWE1NDk2XkEyXkFqcGc@._V1_.jpg', 'Need for Speed: Underground 2', '2004-11-09', 19.99, 0, 0, 1, 26),
(200, 'https://m.media-amazon.com/images/M/MV5BZWVmNDQ3MDktZWZjNC00ODc5LWJkYmUtMDcyN2Q4NDc1NmI3XkEyXkFqcGc@._V1_FMjpg_UX1000_.jpg', 'Need for Speed: Carbon', '2006-10-31', 19.99, 0, 0, 1, 26),
(201, 'https://upload.wikimedia.org/wikipedia/en/1/16/NFS_ProStreet_cover.png', 'Need for Speed: ProStreet', '2007-11-14', 14.99, 0, 0, 1, 26),
(202, 'https://upload.wikimedia.org/wikipedia/en/thumb/d/d2/Need_for_Speed_Undercover_cover.jpg/250px-Need_for_Speed_Undercover_cover.jpg', 'Need for Speed: Undercover', '2008-11-18', 14.99, 0, 0, 1, 26),
(203, 'https://upload.wikimedia.org/wikipedia/en/8/85/Need_for_Speed_Hot_Pursuit_2010.jpg', 'Need for Speed: Hot Pursuit (2010)', '2010-11-16', 19.99, 0, 0, 1, 26),
(204, 'https://upload.wikimedia.org/wikipedia/en/7/7c/Needforspeedtheruncover.jpg', 'Need for Speed: The Run', '2011-11-15', 19.99, 0, 0, 1, 26),
(205, 'https://upload.wikimedia.org/wikipedia/en/thumb/e/e5/Need_for_Speed_Rivals_cover.jpg/250px-Need_for_Speed_Rivals_cover.jpg', 'Need for Speed: Rivals', '2013-11-15', 29.99, 0, 0, 1, 26),
(206, 'https://upload.wikimedia.org/wikipedia/en/a/a9/Need_for_Speed_2015.jpg', 'Need for Speed (2015)', '2015-11-03', 19.99, 0, 0, 1, 26),
(207, 'https://upload.wikimedia.org/wikipedia/en/6/64/Need_for_Speed_Payback_standard_edition_cover_art.jpg', 'Need for Speed Payback', '2017-11-10', 29.99, 0, 0, 1, 26),
(208, 'https://upload.wikimedia.org/wikipedia/en/thumb/7/7f/Cover_Art_of_Need_for_Speed_Heat.png/250px-Cover_Art_of_Need_for_Speed_Heat.png', 'Need for Speed Heat', '2019-11-08', 39.99, 0, 0, 1, 26),
(209, 'https://upload.wikimedia.org/wikipedia/en/d/db/Need_for_Speed_Unbound.png', 'Need for Speed Unbound', '2022-12-02', 69.99, 0, 0, 1, 26),
(210, 'https://upload.wikimedia.org/wikipedia/en/2/2b/Dirt_3.jpg', 'DiRT 3', '2011-05-24', 19.99, 0, 0, 1, 26),
(211, 'https://upload.wikimedia.org/wikipedia/en/0/05/Dirt_rally_cover_art.jpg', 'DiRT Rally', '2015-12-07', 29.99, 0, 0, 1, 26),
(212, 'https://upload.wikimedia.org/wikipedia/en/2/2d/Dirt_4_cover.jpg', 'DiRT 4', '2017-06-06', 29.99, 0, 0, 1, 26),
(213, 'https://store-images.s-microsoft.com/image/apps.48357.14564144462522178.840de816-99f5-48c8-885d-33b3b0dffe20.3cdf6aa4-cc38-4cfd-b120-1ef1d03b2379?q=90&w=480&h=270', 'DiRT 5', '2020-11-06', 59.99, 0, 0, 1, 26),
(214, 'https://mir-s3-cdn-cf.behance.net/project_modules/max_1200_webp/f75efd47287397.5875f43932fa1.jpg', 'Assassin\'s Creed', '2007-11-13', 19.99, 0, 0, 1, 2),
(215, 'https://encrypted-tbn0.gstatic.com/images?q=tbn:ANd9GcSTf7u9eKg9x_06MjXD5kEYYXb_iZmaRKQFZ4Unt5P29aaN95AFAHTspK1v7Fk-eyHFVP4&usqp=CAU', 'Assassin\'s Creed II', '2009-11-17', 19.99, 0, 0, 1, 2),
(216, 'https://staticctf.ubisoft.com/J3yJr34U2pZ2Ieem48Dwy9uqj5PNUQTn/1JGRgqSTqKmO1Bveq5p1WO/4ebac6e2922869a4bec387b402977540/acb_searchthumb_Mobile.jpg', 'Assassin\'s Creed: Brotherhood', '2010-11-16', 19.99, 0, 0, 1, 2),
(217, 'https://upload.wikimedia.org/wikipedia/en/d/d9/Assassins_Creed_Revelations_Cover.jpg', 'Assassin\'s Creed: Revelations', '2011-11-15', 19.99, 0, 0, 1, 2),
(218, 'https://howlongtobeat.com/games/65940_Assassins_Creed_III_Remastered.jpg?width=250', 'Assassin\'s Creed III', '2012-10-30', 29.99, 0, 0, 1, 2),
(219, 'https://upload.wikimedia.org/wikipedia/en/2/28/Assassin%27s_Creed_IV_-_Black_Flag_cover.jpg', 'Assassin\'s Creed IV: Black Flag', '2013-10-29', 29.99, 0, 0, 1, 2),
(220, 'https://i.pinimg.com/474x/eb/c1/b5/ebc1b52e16eea372fd19d25c6f9bccad.jpg', 'Assassin\'s Creed: Rogue', '2014-11-11', 19.99, 0, 0, 1, 2),
(221, 'https://howlongtobeat.com/games/Assassinscreedunity.jpg?width=250', 'Assassin\'s Creed: Unity', '2014-11-11', 29.99, 0, 0, 1, 2),
(222, 'https://imgix.bustle.com/uploads/image/2024/11/26/7fd912f8/ac-syndicate-herobanner.jpg?w=1200&h=1200&fit=crop&crop=faces&fm=jpg', 'Assassin\'s Creed: Syndicate', '2015-10-23', 29.99, 0, 0, 1, 2),
(223, 'https://upload.wikimedia.org/wikipedia/en/4/4a/Assassin%27s_Creed_Origins_Cover_Art.png', 'Assassin\'s Creed Origins', '2017-10-27', 39.99, 0, 0, 1, 1),
(224, 'https://upload.wikimedia.org/wikipedia/en/2/23/Assassin%27s_Creed_Mirage_cover.jpeg', 'Assassin\'s Creed Mirage', '2023-10-05', 49.99, 0, 0, 1, 2),
(225, 'https://upload.wikimedia.org/wikipedia/en/e/e7/GTA_-_Box_Front.jpg', 'Grand Theft Auto', '1997-11-28', 9.99, 0, 0, 1, 2),
(226, 'https://upload.wikimedia.org/wikipedia/en/b/be/GTA3boxcover.jpg', 'Grand Theft Auto III', '2001-10-22', 14.99, 0, 0, 1, 2),
(227, 'http://upload.wikimedia.org/wikipedia/en/c/ce/Vice-city-cover.jpg', 'Grand Theft Auto: Vice City', '2002-10-29', 14.99, 0, 0, 1, 2),
(228, 'https://upload.wikimedia.org/wikipedia/en/c/c4/GTASABOX.jpg', 'Grand Theft Auto: San Andreas', '2004-10-26', 19.99, 0, 0, 1, 2),
(229, 'https://upload.wikimedia.org/wikipedia/en/9/90/Sleeping_Dogs_-_Square_Enix_video_game_cover.jpg', 'Sleeping Dogs', '2012-08-14', 19.99, 0, 0, 1, 2),
(230, 'https://www.gamespot.com/a/uploads/scale_landscape/1574/15746725/4123612-etk_deadisland2_site.jpg', 'Dead Island 2', '2023-04-21', 59.99, 0, 0, 1, 13),
(231, 'https://upload.wikimedia.org/wikipedia/en/5/5b/Fablebox.jpg', 'Fable', '2004-09-14', 9.99, 0, 0, 1, 3),
(232, 'https://upload.wikimedia.org/wikipedia/en/thumb/7/7f/Fable_II.jpg/250px-Fable_II.jpg', 'Fable II', '2008-10-21', 19.99, 0, 0, 1, 3),
(233, 'https://images.steamusercontent.com/ugc/1100291843061646175/2A335EAE4B9BB6FEC6B6152553A9A23B355766DD/', 'Fable III', '2010-10-26', 19.99, 0, 0, 1, 3),
(234, 'https://assets-prd.ignimgs.com/2022/04/13/pokemon-red-button-2022-1649888301240.jpg', 'Pokémon Red', '1996-02-27', 39.99, 0, 0, 1, 3),
(235, 'https://assets-prd.ignimgs.com/2021/12/14/pokemonblue-1639518061112.jpg', 'Pokémon Blue', '1996-10-15', 39.99, 0, 0, 1, 3),
(236, 'https://assets1.ignimgs.com/2019/05/17/pokemon-yellow---button-1558057648010.jpg', 'Pokémon Yellow', '1998-09-12', 39.99, 0, 0, 1, 3),
(237, 'https://m.media-amazon.com/images/M/MV5BMzU1ODhlZDItYzNkYS00OTFiLThhNWMtM2FlMGMzYjI5OTJkXkEyXkFqcGc@._V1_.jpg', 'Pokémon Gold', '1999-11-21', 39.99, 0, 0, 1, 3),
(238, 'https://assets1.ignimgs.com/2019/05/17/pokemon-silver---button-1558057647925.jpg', 'Pokémon Silver', '1999-11-21', 39.99, 0, 0, 1, 3),
(239, 'https://assets-prd.ignimgs.com/2021/12/14/pokemoncrystal-1639519080473.jpg?crop=1%3A1%2Csmart&format=jpg&auto=webp&quality=80', 'Pokémon Crystal', '2000-12-14', 39.99, 0, 0, 1, 3),
(240, 'https://m.media-amazon.com/images/M/MV5BMjkzYmZhZmUtNTI1NS00NGNkLTg3OTMtYjJjNGFhYzA4NDlmXkEyXkFqcGc@._V1_.jpg', 'Pokémon Ruby', '2002-11-21', 39.99, 0, 0, 1, 3),
(241, 'https://i.ytimg.com/vi/5Z1pmpuxKxc/hq720.jpg?sqp=-oaymwEhCK4FEIIDSFryq4qpAxMIARUAAAAAGAElAADIQj0AgKJD&rs=AOn4CLDIQ5mdhN0_moABiuGj8FGHT3OJog', 'Pokémon Sapphire', '2002-11-21', 39.99, 0, 0, 1, 3),
(242, 'https://assets-prd.ignimgs.com/2022/02/08/pokemonemerald-sq-1644346782465.jpg?crop=1%3A1%2Csmart&format=jpg&auto=webp&quality=80', 'Pokémon Emerald', '2004-09-16', 39.99, 0, 0, 1, 3),
(243, 'https://assets-prd.ignimgs.com/2022/01/31/pokemon-firered-button-crop-1643616703712.jpg?crop=1%3A1%2Csmart&format=jpg&auto=webp&quality=80', 'Pokémon FireRed', '2004-01-29', 39.99, 0, 0, 1, 3),
(244, 'https://assets-prd.ignimgs.com/2022/01/31/pokemon-leafgreen-button-crop-v3-1643617153926.jpg', 'Pokémon LeafGreen', '2004-01-29', 39.99, 0, 0, 1, 3),
(245, 'https://ia803401.us.archive.org/28/items/pokemon-diamond-europe/pokemon-diamond.jpg', 'Pokémon Diamond', '2006-09-28', 39.99, 0, 0, 1, 3),
(246, 'https://m.media-amazon.com/images/I/61MM1UJWfeL.jpg', 'Pokémon Pearl', '2006-09-28', 39.99, 0, 0, 1, 3),
(247, 'https://upload.wikimedia.org/wikipedia/en/c/ca/Pokemon_Platinum.png', 'Pokémon Platinum', '2008-09-13', 39.99, 0, 0, 1, 3),
(248, 'https://m.media-amazon.com/images/M/MV5BMTEwOGQ5M2EtNGU4NS00YjlhLWE5MjAtYmI5ZDU3ZjFhNzM5XkEyXkFqcGc@._V1_.jpg', 'Pokémon HeartGold', '2009-09-12', 39.99, 0, 0, 1, 3),
(249, 'https://m.media-amazon.com/images/M/MV5BY2IwMDQxMGMtMzczOC00ZjJmLWEwZGMtMmVhN2JmNWFiYTc2XkEyXkFqcGc@._V1_.jpg', 'Pokémon SoulSilver', '2009-09-12', 39.99, 0, 0, 1, 3),
(250, 'https://m.media-amazon.com/images/M/MV5BNDJmM2IzM2YtZjJjYS00ZGE2LWFkZTctNzI3NjJlNmFkODJhXkEyXkFqcGc@._V1_FMjpg_UX1000_.jpg', 'Pokémon Black', '2010-09-18', 39.99, 0, 0, 1, 3),
(251, 'https://m.media-amazon.com/images/M/MV5BZWFjNWE2NDgtYmY1NS00ZmU0LTlhYTYtOGMyZDkxNGUxMmY2XkEyXkFqcGc@._V1_.jpg', 'Pokémon White', '2010-09-18', 39.99, 0, 0, 1, 3),
(252, 'https://assets1.ignimgs.com/2019/05/17/pokemon-x---button-1558057647988.jpg', 'Pokémon X', '2013-10-12', 39.99, 0, 0, 1, 3),
(253, 'https://assets1.ignimgs.com/2019/05/17/pokemon-y---button-1558057648001.jpg', 'Pokémon Y', '2013-10-12', 39.99, 0, 0, 1, 3),
(254, 'https://howlongtobeat.com/games/21324_Pokmon_Omega_Ruby_and_Alpha_Sapphire.png', 'Pokémon Omega Ruby', '2014-11-21', 39.99, 0, 0, 1, 3),
(255, 'https://assets1.ignimgs.com/2019/05/17/pokemon-alphasapphire---button-1558055142101.jpg', 'Pokémon Alpha Sapphire', '2014-11-21', 39.99, 0, 0, 1, 3),
(256, 'https://m.media-amazon.com/images/M/MV5BYzY4MmY3MzAtZmRhOS00MWU3LWFkN2YtNjY3OTI2ZGNlYTg5XkEyXkFqcGc@._V1_FMjpg_UX1000_.jpg', 'Pokémon Sun', '2016-11-18', 39.99, 0, 0, 1, 3),
(257, 'https://assets1.ignimgs.com/2019/05/17/pokemon-moon---button-1558055594983.jpg', 'Pokémon Moon', '2016-11-18', 39.99, 0, 0, 1, 3),
(258, 'https://cdn.mobygames.com/covers/7432109-pokemon-lets-go-pikachu-nintendo-switch-front-cover.jpg', 'Pokémon Let\'s Go, Pikachu!', '2018-11-16', 59.99, 0, 0, 1, 3),
(259, 'https://encrypted-tbn0.gstatic.com/images?q=tbn:ANd9GcTX6BMBUCJmZ0_50X4d6jS_kbyLRM2sxuqgpA&s', 'Pokémon Let\'s Go, Eevee!', '2018-11-16', 59.99, 0, 0, 1, 3),
(260, 'https://m.media-amazon.com/images/M/MV5BYjlkYzMyMWMtNzM3ZS00Zjg2LTg2MjQtOGYyYWEyZGM4ZTY2XkEyXkFqcGc@._V1_FMjpg_UX1000_.jpg', 'Pokémon Sword', '2019-11-15', 59.99, 0, 0, 1, 3),
(261, 'https://grandhub.co.ke/wp-content/uploads/2023/10/Pokemon-Shield-Game-price-in-Nairobi.jpg', 'Pokémon Shield', '2019-11-15', 59.99, 0, 0, 1, 3),
(262, 'https://m.media-amazon.com/images/M/MV5BMmRjZmE0NmMtNjgxZC00OTE4LWI4ZjctMWYyNDVjNzA5ODUwXkEyXkFqcGc@._V1_.jpg', 'Pokémon Scarlet', '2022-11-18', 59.99, 0, 0, 1, 3),
(263, 'https://m.media-amazon.com/images/M/MV5BZmU1NzA4MjYtOTU2YS00Y2E4LTk1ZTItMWEyYTAyZTczMDQ5XkEyXkFqcGc@._V1_.jpg', 'Pokémon Violet', '2022-11-18', 59.99, 0, 0, 1, 3),
(264, 'https://cdn.mobygames.com/covers/4347875-pokemon-stadium-nintendo-64-front-cover.jpg', 'Pokémon Stadium', '1999-04-30', 39.99, 0, 0, 1, 36),
(265, 'https://howlongtobeat.com/games/7176_Pokmon_Stadium_2.jpg', 'Pokémon Stadium 2', '2000-12-14', 39.99, 0, 0, 1, 36),
(266, 'https://cdn.mobygames.com/covers/7076620-call-of-duty-modern-warfare-2-hardened-edition-xbox-360-other.jpg', 'Call of Duty', '2003-10-29', 19.99, 0, 0, 1, 6),
(267, 'https://store-images.s-microsoft.com/image/apps.56814.65003753600797265.4ae0b2c1-f1b9-4df7-8bb7-0508976e0f74.b2c18196-2994-48c4-9eab-266edd1a7aa6', 'Call of Duty 2', '2005-10-25', 59.99, 0, 0, 1, 6),
(269, 'https://upload.wikimedia.org/wikipedia/en/5/5f/Call_of_Duty_4_Modern_Warfare.jpg', 'Call of Duty 4: Modern Warfare', '2007-11-07', 19.99, 0, 0, 1, 6),
(270, 'https://upload.wikimedia.org/wikipedia/en/6/69/WAW_Cover_Art.jpg', 'Call of Duty: World at War', '2008-11-11', 19.99, 0, 0, 1, 6),
(271, 'https://upload.wikimedia.org/wikipedia/en/thumb/0/02/CoD_Black_Ops_cover.png/250px-CoD_Black_Ops_cover.png', 'Call of Duty: Black Ops', '2010-11-09', 59.99, 0, 0, 1, 6),
(272, 'https://upload.wikimedia.org/wikipedia/en/thumb/f/f6/MWIII_Cover_Art.png/250px-MWIII_Cover_Art.png', 'Call of Duty: Modern Warfare III', '2011-11-08', 39.99, 0, 0, 1, 6),
(273, 'https://upload.wikimedia.org/wikipedia/en/0/05/Call_of_Duty_Black_Ops_II_box_artwork.png', 'Call of Duty: Black Ops II', '2012-11-13', 59.99, 0, 0, 1, 6),
(274, 'https://upload.wikimedia.org/wikipedia/en/9/9c/Call_of_duty_ghosts_box_art.jpg', 'Call of Duty: Ghosts', '2013-11-05', 59.99, 0, 0, 1, 6),
(275, 'https://upload.wikimedia.org/wikipedia/en/3/3b/Advanced_Warfare.jpg', 'Call of Duty: Advanced Warfare', '2014-11-04', 59.99, 1, 60, 1, 6),
(276, 'https://upload.wikimedia.org/wikipedia/en/b/b1/Black_Ops_3.jpg', 'Call of Duty: Black Ops III', '2015-11-06', 59.99, 1, 55, 1, 6),
(277, 'https://upload.wikimedia.org/wikipedia/en/8/87/Call_of_Duty_Infinite_Warfare_cover.jpg', 'Call of Duty: Infinite Warfare', '2016-11-04', 59.99, 1, 70, 1, 6),
(278, 'https://upload.wikimedia.org/wikipedia/en/1/18/Call_of_Duty_WWII_Cover_Art.jpg', 'Call of Duty: WWII', '2017-11-03', 59.99, 1, 70, 1, 6),
(279, 'https://upload.wikimedia.org/wikipedia/en/1/1c/Call_of_Duty_Black_Ops_4_official_box_art.jpg', 'Call of Duty: Black Ops 4', '2018-10-12', 59.99, 1, 60, 1, 6),
(280, 'https://encrypted-tbn0.gstatic.com/images?q=tbn:ANd9GcRPEo_RnvLrhFIOi3DVBDQsPCLVjgbw64toag&s', 'Call of Duty: Modern Warfare', '2019-10-25', 59.99, 1, 75, 1, 6),
(281, 'https://encrypted-tbn0.gstatic.com/images?q=tbn:ANd9GcSjSet4Ft3Y4J26WnQH-BStui44gbjzw1gsBQ&s', 'Call of Duty: Vanguard', '2021-11-05', 59.99, 1, 50, 1, 6),
(282, 'https://upload.wikimedia.org/wikipedia/en/c/c9/Call_of_Duty_Black_Ops_6_Key_Art.png', 'Call of Duty: Black Ops 6', '2024-10-25', 79.99, 0, 0, 1, 6),
(301, 'https://upload.wikimedia.org/wikipedia/en/a/a3/Call_of_Duty_Black_Ops_7_Key_Art.png', 'Call of Duty: Black Ops 7', '2025-11-14', 70.00, 0, 0, 1, 6),
(302, 'https://upload.wikimedia.org/wikipedia/en/8/82/Gears_of_war_cover_art.jpg', 'Gears of War', '2006-11-07', 0.00, 0, 0, 1, 37),
(303, 'https://www.allkeyshop.com/blog/wp-content/uploads/buy-gears-of-war-2-cd-key-compare-prices.webp', 'Gears of War 2', '2008-11-07', 11.99, 0, 0, 1, 37),
(304, 'https://assets1.ignimgs.com/thumbs/userUploaded/2020/1/16/saddes-1579217089678.jpg', 'Gears of War 3', '2011-09-20', 11.99, 0, 0, 1, 37),
(305, 'https://i.ebayimg.com/images/g/a-AAAOSwgJdfZ31V/s-l1200.jpg', 'Gears of War: Judgment', '2013-03-19', 11.99, 0, 0, 1, 37),
(306, 'https://upload.wikimedia.org/wikipedia/en/f/ff/Gears_of_War_4.jpg', 'Gears of War 4', '2016-10-11', 19.99, 0, 0, 1, 37),
(307, 'https://sightingames.wordpress.com/wp-content/uploads/2022/07/gears-5.jpg', 'Gears 5', '2019-09-10', 29.99, 0, 0, 1, 37),
(308, 'https://m.media-amazon.com/images/I/91k0VPB82LL._UF1000,1000_QL80_.jpg', 'Gears Tactics', '2020-04-28', 29.99, 0, 0, 1, 33),
(309, 'https://cdn.mobygames.com/covers/9427702-just-dance-2021-nintendo-switch-front-cover.jpg', 'Just Dance 2021', '2020-11-12', 49.99, 0, 0, 1, 38),
(310, 'https://upload.wikimedia.org/wikipedia/en/8/82/Just_Dance_2022.jpg', 'Just Dance 2022', '2021-11-04', 49.99, 0, 0, 1, 38),
(311, 'https://assets-prd.ignimgs.com/2023/06/12/justdance24-1686590368199.jpg?crop=1%3A1%2Csmart&format=jpg&auto=webp&quality=80', 'Just Dance 2024 Edition', '2023-10-24', 49.99, 0, 0, 1, 38),
(312, 'https://images.genius.com/5627dbfcfc0b341ee7a475e688371ea3.900x900x1.jpg', 'Just Dance 2025 Edition', '2024-10-15', 19.99, 0, 0, 1, 38),
(313, 'https://upload.wikimedia.org/wikipedia/en/8/86/The_Last_of_Us_Part_I_cover.jpg', 'The Last of Us Part I', '2022-09-02', 69.99, 0, 0, 1, 2),
(314, 'https://upload.wikimedia.org/wikipedia/en/4/4f/TLOU_P2_Box_Art_2.png', 'The Last of Us Part II Remastered', '2024-01-19', 49.99, 0, 0, 1, 2),
(315, 'https://cdn.mobygames.com/covers/1762685-outlast-playstation-4-front-cover.jpg', 'Outlast', '2013-09-04', 14.99, 0, 0, 1, 25),
(316, 'https://gfn.ru/media/images/wide_art_image-outlast-2-d2b649d8.original.jpg', 'Outlast 2', '2017-04-25', 19.99, 0, 0, 1, 25),
(317, 'https://upload.wikimedia.org/wikipedia/en/8/81/The_Outlast_Trials_cover.jpg', 'The Outlast Trials', '2023-05-18', 39.99, 0, 0, 1, 25),
(318, 'https://encrypted-tbn0.gstatic.com/images?q=tbn:ANd9GcTY83ZNMpxaNc3iKtiyyajp-JuonaFb0IIxdQ&s', 'Wolfenstein: The New Order', '2014-05-20', 19.99, 0, 0, 1, 6),
(319, 'https://encrypted-tbn0.gstatic.com/images?q=tbn:ANd9GcSDhDCnma8Y27rfjO0-3ICOb0gIfqu1QlXY7w&s', 'Wolfenstein: The Old Blood', '2015-05-05', 19.99, 0, 0, 1, 6),
(320, 'https://upload.wikimedia.org/wikipedia/en/5/54/Wolfenstein-ii-the-new-colossus-cover.jpeg', 'Wolfenstein II: The New Colossus', '2017-10-27', 39.99, 0, 0, 1, 6),
(321, 'https://upload.wikimedia.org/wikipedia/en/7/7c/Doki_Doki_Literature_Club_Cover.jpg', 'Doki Doki Literature Club!', '2017-09-22', 0.00, 0, 0, 1, 39),
(322, 'https://upload.wikimedia.org/wikipedia/en/6/65/Kirby_Star_Allies.jpg', 'Kirby Star Allies', '2018-03-16', 59.99, 0, 0, 1, 14),
(323, 'https://m.media-amazon.com/images/M/MV5BOGI1ZGM3Y2UtNWJlZi00ODQ1LTg3NDEtOTkwYWIzYWE1YTkxXkEyXkFqcGc@._V1_FMjpg_UX1000_.jpg', 'Kirby and the Forgotten Land', '2022-03-25', 59.99, 0, 0, 1, 14),
(324, 'https://m.media-amazon.com/images/S/aplus-media-library-service-media/37a77ece-7d10-4c74-a05e-e3aeb26b1ca7.__CR0,0,600,450_PT0_SX600_V1___.jpg', 'Kirby\'s Return to Dream Land Deluxe', '2023-02-24', 59.99, 0, 0, 1, 14),
(325, 'https://m.media-amazon.com/images/M/MV5BZmE3ZjI2ZGEtNGM0Yi00MTQxLTk4NzItZjE5MjIzMTc2NDFhXkEyXkFqcGc@._V1_FMjpg_UX1000_.jpg', 'Kirby Fighters 2', '2020-09-23', 19.99, 0, 0, 1, 30),
(326, 'https://i.ebayimg.com/00/s/MTYwMFgxMTk5/z/M5EAAOSwhkNnowSY/$_57.JPG?set_id=880000500F', 'Kirby\'s Dream Buffet', '2022-08-17', 14.99, 0, 0, 1, 21),
(327, 'https://upload.wikimedia.org/wikipedia/en/thumb/8/8d/Super_Mario_Odyssey.jpg/250px-Super_Mario_Odyssey.jpg', 'Super Mario Odyssey', '2017-10-27', 59.99, 0, 0, 1, 14),
(328, 'https://cdn.mos.cms.futurecdn.net/v2/t:0,l:420,cw:1080,ch:1080,q:80,w:1080/Xe7aAA8Y2CpC2kNxsSZFmC.jpg', 'New Super Mario Bros. U Deluxe', '2019-01-11', 59.99, 0, 0, 1, 14),
(329, 'https://upload.wikimedia.org/wikipedia/en/c/c7/Super_Mario_Maker_2.jpg', 'Super Mario Maker 2', '2019-06-28', 59.99, 0, 0, 1, 40),
(330, 'https://howlongtobeat.com/games/82771_Super_Mario_3D_World__Bowsers_Fury.jpg', 'Super Mario 3D World + Bowser\'s Fury', '2021-02-12', 59.99, 0, 0, 1, 14),
(331, 'https://upload.wikimedia.org/wikipedia/en/a/a3/Mariowonder.png', 'Super Mario Bros. Wonder', '2023-10-20', 59.99, 0, 0, 1, 14),
(332, 'https://m.media-amazon.com/images/M/MV5BOGU3NDVjNWYtMjYxMS00NDU0LWJlOTktODgxMjBhNDJkNDE3XkEyXkFqcGc@._V1_.jpg', 'Super Mario RPG', '2023-11-17', 59.99, 0, 0, 1, 3),
(333, 'https://upload.wikimedia.org/wikipedia/en/7/71/Mario_vs._Donkey_Kong_Coverart.png', 'Mario vs. Donkey Kong', '2024-02-16', 49.99, 0, 0, 1, 32),
(334, 'https://m.media-amazon.com/images/M/MV5BYzMwZWUwODEtMTU3Zi00MDYwLTg1MjUtNGVlMDVlZDBkNGZmXkEyXkFqcGc@._V1_FMjpg_UX1000_.jpg', 'DRAGON BALL XENOVERSE', '2015-02-24', 39.99, 0, 0, 1, 1),
(335, 'https://upload.wikimedia.org/wikipedia/en/f/fe/Dragon_Ball_Xenoverse_2_Cover.jpeg', 'DRAGON BALL XENOVERSE 2', '2016-10-25', 19.99, 0, 0, 1, 1),
(336, 'https://upload.wikimedia.org/wikipedia/en/a/ad/DBFZ_cover_art.jpg', 'DRAGON BALL FighterZ', '2018-01-26', 59.99, 0, 0, 1, 30),
(337, 'https://upload.wikimedia.org/wikipedia/en/e/e4/Dragon_Ball_Z_Kakarot_logo.png', 'DRAGON BALL Z: KAKAROT', '2020-01-17', 19.99, 0, 0, 1, 1),
(338, 'https://dbas.bn-ent.net/img/6f7b8d7338af193a34a4cd294a8b19be-772x1024.png', 'DRAGON BALL: THE BREAKERS', '2022-10-14', 19.99, 0, 0, 1, 41),
(339, 'https://upload.wikimedia.org/wikipedia/en/7/7f/DBZ_Sparking_Zero_Cover_Art.jpg', 'DRAGON BALL: Sparking! ZERO', '2024-10-11', 69.99, 0, 0, 1, 30),
(340, 'https://static.rustore.ru/imgproxy/GV5CvUI745WXXqMGgHIyMZvaz67DtU5UMeIYfmuqvm0/preset:web_app_icon_160/aHR0cHM6Ly9zdGF0aWMucnVzdG9yZS5ydS9hcGsvMjA2MzU5MDE1NC9jb250ZW50L0lDT04vNWFkYTc3N2QtNTM3MC00YmY1LWEzYzQtNTBkMDk0YTM1ZmYxLnBuZw==.webp', '60 Seconds! Reatomized', '2019-07-25', 9.99, 0, 0, 1, 27),
(341, 'https://lumiere-a.akamaihd.net/v1/images/lego-star-wars-skywalker-saga-01_tall_80785940.jpeg?region=336,0,864,864', 'LEGO Star Wars: The Skywalker Saga', '2022-04-05', 7.49, 0, 0, 1, 2),
(342, 'https://store-images.s-microsoft.com/image/apps.22585.70311916332380430.984c5134-5b46-45c7-a5f9-c14ef79d4308.fc930d30-4d60-4d4d-8883-8d70ff603522?q=90&w=480&h=270', 'LEGO Star Wars: The Force Awakens', '2016-06-28', 3.99, 0, 0, 1, 2),
(343, 'https://store-images.s-microsoft.com/image/apps.22252.63650118280316002.65752177-7b67-479a-873d-54f674a999aa.0186e1c9-df79-4b65-a382-a91a793153bf?q=90&w=336&h=200', 'LEGO Marvel Super Heroes', '2013-10-22', 3.99, 0, 0, 1, 2),
(344, 'https://i.pinimg.com/474x/1e/25/60/1e256067fd339f361f8af3fa001bea61.jpg', 'LEGO Marvel Super Heroes 2', '2017-11-14', 3.99, 0, 0, 1, 2),
(345, 'https://upload.wikimedia.org/wikipedia/en/9/96/Lego_Marvel%27s_Avengers_cover_art.jpg', 'LEGO Marvel\'s Avengers', '2016-01-26', 3.99, 0, 0, 1, 2);
INSERT INTO `datas` (`id`, `game_pic`, `name`, `release_date`, `prize`, `isDiscount`, `discountPerc`, `available`, `genre_id`) VALUES
(346, 'https://upload.wikimedia.org/wikipedia/en/0/0e/Lego_Jurassic_World_cover.png', 'LEGO Jurassic World', '2015-06-11', 3.99, 0, 0, 1, 2),
(347, 'https://upload.wikimedia.org/wikipedia/en/thumb/9/99/LegoTheHobbitVideoGameBoxart.jpg/250px-LegoTheHobbitVideoGameBoxart.jpg', 'LEGO The Hobbit', '2014-04-10', 3.99, 0, 0, 1, 2),
(348, 'https://upload.wikimedia.org/wikipedia/en/a/a0/Lego_Lord_of_the_Rings_cover.jpg', 'LEGO The Lord of the Rings', '2012-11-27', 3.99, 0, 0, 1, 2),
(349, 'https://upload.wikimedia.org/wikipedia/en/5/5b/LegoCityUndercover.jpg', 'LEGO City Undercover', '2017-04-04', 2.99, 0, 0, 1, 2),
(350, 'https://upload.wikimedia.org/wikipedia/en/2/2d/Lego_Batman_3_-_Beyond_Gotham_cover.jpg', 'LEGO Batman 3: Beyond Gotham', '2014-11-11', 4.49, 0, 0, 1, 2),
(351, 'https://store-images.s-microsoft.com/image/apps.12197.68850728623624216.6e2867fc-0ab8-4f68-98cc-b59c6d10b278.4f7fcd3c-d803-4b42-8bf6-d338fbaf79a1', 'LEGO DC Super-Villains', '2018-10-16', 5.99, 0, 0, 1, 2),
(352, 'https://upload.wikimedia.org/wikipedia/en/a/aa/The_Lego_Movie_Videogame_cover.jpg', 'The LEGO Movie Videogame', '2014-02-07', 3.99, 0, 0, 1, 2),
(355, 'https://upload.wikimedia.org/wikipedia/en/thumb/2/2f/NBA_2K25_cover_art.jpg/250px-NBA_2K25_cover_art.jpg', 'NBA 2K25', '2024-09-06', 69.99, 0, 0, 1, 24),
(356, 'https://assets-prd.ignimgs.com/2023/07/06/farmingsim11-1688686579698.jpg', 'Farming Simulator 2011', '2010-10-29', 7.99, 0, 0, 1, 8),
(357, 'https://www.codeguru.hu/img/40000/DIGI03647/DIGI03647.webp', 'Farming Simulator 2013 Titanium Edition', '2013-10-09', 14.99, 0, 0, 1, 8),
(358, 'https://store-images.s-microsoft.com/image/apps.41062.64967151257760797.b440e798-649e-4b83-b511-7890d42d9480.8e5b045e-7b90-4013-a091-ed4a3736983c?q=90&w=480&h=270', 'Farming Simulator 15', '2014-10-30', 12.99, 0, 0, 1, 8),
(359, 'https://store-images.s-microsoft.com/image/apps.2891.66445546520609419.4a3b03bf-e99b-4622-bb87-89586f01c3b4.1d9388d2-8e2d-46e8-a98a-ef62a426b246?q=90&w=480&h=270', 'Farming Simulator 17', '2016-10-25', 14.99, 0, 0, 1, 8),
(360, 'https://ccdn.g-portal.com/fs19_game_cover_593d4bf988.png', 'Farming Simulator 19', '2018-11-19', 17.99, 0, 0, 1, 8),
(361, 'https://store-images.s-microsoft.com/image/apps.35136.14617846210383148.f5d1d30e-892f-4959-a5b8-f2ef506cf0ae.d40fe9db-42d7-4434-83be-bcbb42f685c3?q=90&w=480&h=270', 'Farming Simulator 22', '2021-11-22', 29.99, 0, 0, 1, 8),
(362, 'https://encrypted-tbn0.gstatic.com/images?q=tbn:ANd9GcRCopyugpNBFejO2X9cmN03T1euQZVJjOCG3g&s', 'Farming Simulator 25', '2024-11-12', 49.99, 0, 0, 1, 8),
(363, 'https://www.allkeyshop.com/blog/wp-content/uploads/buy-european-bus-simulator-2012-cd-key-pc-download-img1.jpg', 'Bus-Simulator 2012', '2012-02-23', 6.99, 0, 0, 1, 8),
(364, 'https://assets1.ignimgs.com/2016/01/07/bus-simulator-2016-buttonjpg-19bee4.jpg?crop=1%3A1%2Csmart&format=jpg&auto=webp&quality=80', 'Bus Simulator 16', '2016-03-02', 9.99, 0, 0, 1, 8),
(365, 'https://encrypted-tbn0.gstatic.com/images?q=tbn:ANd9GcTqk1kbItC1Alot3u8gT8XwqHDZWhOKQkWLbg&s', 'Bus Simulator 18', '2018-06-13', 24.99, 0, 0, 1, 8),
(367, 'https://upload.wikimedia.org/wikipedia/en/thumb/5/55/F1_24_cover_art.jpg/250px-F1_24_cover_art.jpg', 'F1 24', '2024-05-31', 69.99, 0, 0, 1, 26),
(368, 'https://img.redbull.com/images/q_auto,f_auto/redbullcom/2025/3/26/ik4bfsmqwixcjwoffp08/f1-25-iconic-edition', 'F1 25', '2025-05-30', 47.99, 0, 0, 1, 26),
(370, 'https://i0.wp.com/magzoid.com/wp-content/uploads/2025/05/amazon-rebrand-2025_dezeen_2364_col_1-1.webp?fit=2364%2C1330&ssl=1', 'Amazon Gift Card $5', NULL, 5.00, 0, 0, 1, 42),
(371, 'https://i0.wp.com/magzoid.com/wp-content/uploads/2025/05/amazon-rebrand-2025_dezeen_2364_col_1-1.webp?fit=2364%2C1330&ssl=1', 'Amazon Gift Card $10', NULL, 10.00, 0, 0, 1, 42),
(372, 'https://i0.wp.com/magzoid.com/wp-content/uploads/2025/05/amazon-rebrand-2025_dezeen_2364_col_1-1.webp?fit=2364%2C1330&ssl=1', 'Amazon Gift Card $25', NULL, 25.00, 0, 0, 1, 42),
(373, 'https://i0.wp.com/magzoid.com/wp-content/uploads/2025/05/amazon-rebrand-2025_dezeen_2364_col_1-1.webp?fit=2364%2C1330&ssl=1', 'Amazon Gift Card $50', NULL, 50.00, 0, 0, 1, 42),
(374, 'https://i.pinimg.com/736x/a6/71/85/a6718568ee615a8dbe6f50da7409fdf9.jpg', 'Apple Gift Card $5', NULL, 5.00, 0, 0, 1, 42),
(375, 'https://i.pinimg.com/736x/a6/71/85/a6718568ee615a8dbe6f50da7409fdf9.jpg', 'Apple Gift Card $10', NULL, 10.00, 0, 0, 1, 42),
(376, 'https://i.pinimg.com/736x/a6/71/85/a6718568ee615a8dbe6f50da7409fdf9.jpg', 'Apple Gift Card $25', NULL, 25.00, 0, 0, 1, 42),
(377, 'https://i.pinimg.com/736x/a6/71/85/a6718568ee615a8dbe6f50da7409fdf9.jpg', 'Apple Gift Card $50', NULL, 50.00, 0, 0, 1, 42),
(378, 'https://encrypted-tbn0.gstatic.com/images?q=tbn:ANd9GcRj97fmjaCYgkevu7aFhgWDjXPfuNxt8bWk5w&s', 'Binance Gift Card $5', NULL, 5.00, 0, 0, 1, 42),
(379, 'https://encrypted-tbn0.gstatic.com/images?q=tbn:ANd9GcRj97fmjaCYgkevu7aFhgWDjXPfuNxt8bWk5w&s', 'Binance Gift Card $10', NULL, 10.00, 0, 0, 1, 42),
(380, 'https://encrypted-tbn0.gstatic.com/images?q=tbn:ANd9GcRj97fmjaCYgkevu7aFhgWDjXPfuNxt8bWk5w&s', 'Binance Gift Card $25', NULL, 25.00, 0, 0, 1, 42),
(381, 'https://encrypted-tbn0.gstatic.com/images?q=tbn:ANd9GcRj97fmjaCYgkevu7aFhgWDjXPfuNxt8bWk5w&s', 'Binance Gift Card $50', NULL, 50.00, 0, 0, 1, 42),
(382, 'https://img.icons8.com/color/1200/battle-net.jpg', 'Battle.net Gift Card $5', NULL, 5.00, 0, 0, 1, 42),
(383, 'https://img.icons8.com/color/1200/battle-net.jpg', 'Battle.net Gift Card $10', NULL, 10.00, 0, 0, 1, 42),
(384, 'https://img.icons8.com/color/1200/battle-net.jpg', 'Battle.net Gift Card $25', NULL, 25.00, 0, 0, 1, 42),
(385, 'https://img.icons8.com/color/1200/battle-net.jpg', 'Battle.net Gift Card $50', NULL, 50.00, 0, 0, 1, 42),
(386, 'https://support.discord.com/hc/article_attachments/1500015317842', 'Discord Gift Card $5', NULL, 5.00, 0, 0, 1, 42),
(387, 'https://support.discord.com/hc/article_attachments/1500015317842', 'Discord Gift Card $10', NULL, 10.00, 0, 0, 1, 42),
(388, 'https://support.discord.com/hc/article_attachments/1500015317842', 'Discord Gift Card $25', NULL, 25.00, 0, 0, 1, 42),
(389, 'https://support.discord.com/hc/article_attachments/1500015317842', 'Discord Gift Card $50', NULL, 50.00, 0, 0, 1, 42),
(390, 'https://cdn2.unrealengine.com/UnrealEngine%2FNews%2FAnnouncing+the+Epic+Games+Store%2FFB_EpicGamesStore-1200x630-ca750cd84e1b60d746606db9e5a5ac55f8d27672.jpg', 'Epic Games Gift Card $5', NULL, 5.00, 0, 0, 1, 42),
(391, 'https://cdn2.unrealengine.com/UnrealEngine%2FNews%2FAnnouncing+the+Epic+Games+Store%2FFB_EpicGamesStore-1200x630-ca750cd84e1b60d746606db9e5a5ac55f8d27672.jpg', 'Epic Games Gift Card $10', NULL, 10.00, 0, 0, 1, 42),
(392, 'https://cdn2.unrealengine.com/UnrealEngine%2FNews%2FAnnouncing+the+Epic+Games+Store%2FFB_EpicGamesStore-1200x630-ca750cd84e1b60d746606db9e5a5ac55f8d27672.jpg', 'Epic Games Gift Card $25', NULL, 25.00, 0, 0, 1, 42),
(393, 'https://cdn2.unrealengine.com/UnrealEngine%2FNews%2FAnnouncing+the+Epic+Games+Store%2FFB_EpicGamesStore-1200x630-ca750cd84e1b60d746606db9e5a5ac55f8d27672.jpg', 'Epic Games Gift Card $50', NULL, 50.00, 0, 0, 1, 42),
(394, 'https://www.internetmatters.org/wp-content/uploads/2024/10/google_play_image-1.png', 'Google Play Gift Card $5', NULL, 5.00, 0, 0, 1, 42),
(395, 'https://www.internetmatters.org/wp-content/uploads/2024/10/google_play_image-1.png', 'Google Play Gift Card $10', NULL, 10.00, 0, 0, 1, 42),
(396, 'https://www.internetmatters.org/wp-content/uploads/2024/10/google_play_image-1.png', 'Google Play Gift Card $25', NULL, 25.00, 0, 0, 1, 42),
(397, 'https://www.internetmatters.org/wp-content/uploads/2024/10/google_play_image-1.png', 'Google Play Gift Card $50', NULL, 50.00, 0, 0, 1, 42),
(398, 'https://upload.wikimedia.org/wikipedia/commons/thumb/d/df/ITunes_logo.svg/2039px-ITunes_logo.svg.png', 'iTunes Gift Card $5', NULL, 5.00, 0, 0, 1, 42),
(399, 'https://upload.wikimedia.org/wikipedia/commons/thumb/d/df/ITunes_logo.svg/2039px-ITunes_logo.svg.png', 'iTunes Gift Card $10', NULL, 10.00, 0, 0, 1, 42),
(400, 'https://upload.wikimedia.org/wikipedia/commons/thumb/d/df/ITunes_logo.svg/2039px-ITunes_logo.svg.png', 'iTunes Gift Card $25', NULL, 25.00, 0, 0, 1, 42),
(401, 'https://upload.wikimedia.org/wikipedia/commons/thumb/d/df/ITunes_logo.svg/2039px-ITunes_logo.svg.png', 'iTunes Gift Card $50', NULL, 50.00, 0, 0, 1, 42),
(402, 'https://liquit.com/app/uploads/2023/05/Microsoft-store-liquit-workspace.jpg', 'Microsoft Store Card $5', NULL, 5.00, 0, 0, 1, 42),
(403, 'https://liquit.com/app/uploads/2023/05/Microsoft-store-liquit-workspace.jpg', 'Microsoft Store Card $10', NULL, 10.00, 0, 0, 1, 42),
(404, 'https://liquit.com/app/uploads/2023/05/Microsoft-store-liquit-workspace.jpg', 'Microsoft Store Card $25', NULL, 25.00, 0, 0, 1, 42),
(405, 'https://liquit.com/app/uploads/2023/05/Microsoft-store-liquit-workspace.jpg', 'Microsoft Store Card $50', NULL, 50.00, 0, 0, 1, 42),
(406, 'https://images.ctfassets.net/y2ske730sjqp/1aONibCke6niZhgPxuiilC/2c401b05a07288746ddf3bd3943fbc76/BrandAssets_Logos_01-Wordmark.jpg?w=940', 'Netflix Gift Card $5', NULL, 5.00, 0, 0, 1, 42),
(407, 'https://images.ctfassets.net/y2ske730sjqp/1aONibCke6niZhgPxuiilC/2c401b05a07288746ddf3bd3943fbc76/BrandAssets_Logos_01-Wordmark.jpg?w=940', 'Netflix Gift Card $10', NULL, 10.00, 0, 0, 1, 42),
(408, 'https://images.ctfassets.net/y2ske730sjqp/1aONibCke6niZhgPxuiilC/2c401b05a07288746ddf3bd3943fbc76/BrandAssets_Logos_01-Wordmark.jpg?w=940', 'Netflix Gift Card $25', NULL, 25.00, 0, 0, 1, 42),
(409, 'https://images.ctfassets.net/y2ske730sjqp/1aONibCke6niZhgPxuiilC/2c401b05a07288746ddf3bd3943fbc76/BrandAssets_Logos_01-Wordmark.jpg?w=940', 'Netflix Gift Card $50', NULL, 50.00, 0, 0, 1, 42),
(410, 'https://pop.proddigital.com.br/wp-content/uploads/sites/8/2022/07/nintendo-capa.jpg', 'Nintendo eShop Card $5', NULL, 5.00, 0, 0, 1, 42),
(411, 'https://pop.proddigital.com.br/wp-content/uploads/sites/8/2022/07/nintendo-capa.jpg', 'Nintendo eShop Card $10', NULL, 10.00, 0, 0, 1, 42),
(412, 'https://pop.proddigital.com.br/wp-content/uploads/sites/8/2022/07/nintendo-capa.jpg', 'Nintendo eShop Card $25', NULL, 25.00, 0, 0, 1, 42),
(413, 'https://pop.proddigital.com.br/wp-content/uploads/sites/8/2022/07/nintendo-capa.jpg', 'Nintendo eShop Card $50', NULL, 50.00, 0, 0, 1, 42),
(414, 'https://encrypted-tbn0.gstatic.com/images?q=tbn:ANd9GcQtnE7xLkcyCbAlcptu2-ebNW9DFpvq73hSig&s', 'Origin Gift Card $5', NULL, 5.00, 0, 0, 1, 42),
(415, 'https://encrypted-tbn0.gstatic.com/images?q=tbn:ANd9GcQtnE7xLkcyCbAlcptu2-ebNW9DFpvq73hSig&s', 'Origin Gift Card $10', NULL, 10.00, 0, 0, 1, 42),
(416, 'https://encrypted-tbn0.gstatic.com/images?q=tbn:ANd9GcQtnE7xLkcyCbAlcptu2-ebNW9DFpvq73hSig&s', 'Origin Gift Card $25', NULL, 25.00, 0, 0, 1, 42),
(417, 'https://encrypted-tbn0.gstatic.com/images?q=tbn:ANd9GcQtnE7xLkcyCbAlcptu2-ebNW9DFpvq73hSig&s', 'Origin Gift Card $50', NULL, 50.00, 0, 0, 1, 42),
(418, 'https://brandlogos.net/wp-content/uploads/2022/09/playstation_store-logo_brandlogos.net_q6kzh-512x512.png', 'PlayStation Store Card $5', NULL, 5.00, 0, 0, 1, 42),
(419, 'https://brandlogos.net/wp-content/uploads/2022/09/playstation_store-logo_brandlogos.net_q6kzh-512x512.png', 'PlayStation Store Card $10', NULL, 10.00, 0, 0, 1, 42),
(420, 'https://brandlogos.net/wp-content/uploads/2022/09/playstation_store-logo_brandlogos.net_q6kzh-512x512.png', 'PlayStation Store Card $25', NULL, 25.00, 0, 0, 1, 42),
(421, 'https://brandlogos.net/wp-content/uploads/2022/09/playstation_store-logo_brandlogos.net_q6kzh-512x512.png', 'PlayStation Store Card $50', NULL, 50.00, 0, 0, 1, 42),
(422, 'https://assets2.razerzone.com/images/og-image/razer-gold-pin-OGimage-1200x630.jpg', 'Razer Gold Gift Card $5', NULL, 5.00, 0, 0, 1, 42),
(423, 'https://assets2.razerzone.com/images/og-image/razer-gold-pin-OGimage-1200x630.jpg', 'Razer Gold Gift Card $10', NULL, 10.00, 0, 0, 1, 42),
(424, 'https://assets2.razerzone.com/images/og-image/razer-gold-pin-OGimage-1200x630.jpg', 'Razer Gold Gift Card $25', NULL, 25.00, 0, 0, 1, 42),
(425, 'https://assets2.razerzone.com/images/og-image/razer-gold-pin-OGimage-1200x630.jpg', 'Razer Gold Gift Card $50', NULL, 50.00, 0, 0, 1, 42),
(426, 'https://devforum-uploads.s3.dualstack.us-east-2.amazonaws.com/uploads/original/4X/0/e/e/0eeeb19633422b1241f4306419a0f15f39d58de9.png', 'Roblox Gift Card $5', NULL, 5.00, 0, 0, 1, 42),
(427, 'https://devforum-uploads.s3.dualstack.us-east-2.amazonaws.com/uploads/original/4X/0/e/e/0eeeb19633422b1241f4306419a0f15f39d58de9.png', 'Roblox Gift Card $10', NULL, 10.00, 0, 0, 1, 42),
(428, 'https://devforum-uploads.s3.dualstack.us-east-2.amazonaws.com/uploads/original/4X/0/e/e/0eeeb19633422b1241f4306419a0f15f39d58de9.png', 'Roblox Gift Card $25', NULL, 25.00, 0, 0, 1, 42),
(429, 'https://devforum-uploads.s3.dualstack.us-east-2.amazonaws.com/uploads/original/4X/0/e/e/0eeeb19633422b1241f4306419a0f15f39d58de9.png', 'Roblox Gift Card $50', NULL, 50.00, 0, 0, 1, 42),
(430, 'https://www.allkeyshop.com/blog/wp-content/uploads/SpotifyPremiumGiftCard.jpg', 'Spotify Gift Card $5', NULL, 5.00, 0, 0, 1, 42),
(431, 'https://www.allkeyshop.com/blog/wp-content/uploads/SpotifyPremiumGiftCard.jpg', 'Spotify Gift Card $10', NULL, 10.00, 0, 0, 1, 42),
(432, 'https://www.allkeyshop.com/blog/wp-content/uploads/SpotifyPremiumGiftCard.jpg', 'Spotify Gift Card $25', NULL, 25.00, 0, 0, 1, 42),
(433, 'https://www.allkeyshop.com/blog/wp-content/uploads/SpotifyPremiumGiftCard.jpg', 'Spotify Gift Card $50', NULL, 50.00, 0, 0, 1, 42),
(434, 'https://encrypted-tbn0.gstatic.com/images?q=tbn:ANd9GcTJeKeFNkUdI5HargYBKLeLGYCF-yNvfJ3UoA&s', 'Shein Gift Card $5', NULL, 5.00, 0, 0, 1, 42),
(435, 'https://encrypted-tbn0.gstatic.com/images?q=tbn:ANd9GcTJeKeFNkUdI5HargYBKLeLGYCF-yNvfJ3UoA&s', 'Shein Gift Card $10', NULL, 10.00, 0, 0, 1, 42),
(436, 'https://encrypted-tbn0.gstatic.com/images?q=tbn:ANd9GcTJeKeFNkUdI5HargYBKLeLGYCF-yNvfJ3UoA&s', 'Shein Gift Card $25', NULL, 25.00, 0, 0, 1, 42),
(437, 'https://encrypted-tbn0.gstatic.com/images?q=tbn:ANd9GcTJeKeFNkUdI5HargYBKLeLGYCF-yNvfJ3UoA&s', 'Shein Gift Card $50', NULL, 50.00, 0, 0, 1, 42),
(438, 'https://images.alphacoders.com/133/1339887.png', 'Steam Gift Card $5', NULL, 5.00, 0, 0, 1, 42),
(439, 'https://images.alphacoders.com/133/1339887.png', 'Steam Gift Card $10', NULL, 10.00, 0, 0, 1, 42),
(440, 'https://images.alphacoders.com/133/1339887.png', 'Steam Gift Card $25', NULL, 25.00, 0, 0, 1, 42),
(441, 'https://images.alphacoders.com/133/1339887.png', 'Steam Gift Card $50', NULL, 50.00, 0, 0, 1, 42),
(442, 'https://www.evilcontrollers.com/media/magefan_blog/apps.63170.14246812968525544.2de1e6fd-94a7-4291-88ea-6803f279b4ed.jpeg', 'Ubisoft Connect Gift Card $5', NULL, 5.00, 0, 0, 1, 42),
(443, 'https://www.evilcontrollers.com/media/magefan_blog/apps.63170.14246812968525544.2de1e6fd-94a7-4291-88ea-6803f279b4ed.jpeg', 'Ubisoft Connect Gift Card $10', NULL, 10.00, 0, 0, 1, 42),
(444, 'https://www.evilcontrollers.com/media/magefan_blog/apps.63170.14246812968525544.2de1e6fd-94a7-4291-88ea-6803f279b4ed.jpeg', 'Ubisoft Connect Gift Card $25', NULL, 25.00, 0, 0, 1, 42),
(445, 'https://www.evilcontrollers.com/media/magefan_blog/apps.63170.14246812968525544.2de1e6fd-94a7-4291-88ea-6803f279b4ed.jpeg', 'Ubisoft Connect Gift Card $50', NULL, 50.00, 0, 0, 1, 42),
(446, 'https://wallpapercat.com/w/full/1/5/4/1254747-1920x1080-desktop-full-hd-mastercard-background-image.jpg', 'Mastercard Gift Card $5', NULL, 5.00, 0, 0, 1, 42),
(447, 'https://wallpapercat.com/w/full/1/5/4/1254747-1920x1080-desktop-full-hd-mastercard-background-image.jpg', 'Mastercard Gift Card $10', NULL, 10.00, 0, 0, 1, 42),
(448, 'https://wallpapercat.com/w/full/1/5/4/1254747-1920x1080-desktop-full-hd-mastercard-background-image.jpg', 'Mastercard Gift Card $25', NULL, 25.00, 0, 0, 1, 42),
(449, 'https://wallpapercat.com/w/full/1/5/4/1254747-1920x1080-desktop-full-hd-mastercard-background-image.jpg', 'Mastercard Gift Card $50', NULL, 50.00, 0, 0, 1, 42),
(450, 'https://i.pinimg.com/736x/02/49/33/0249336d161e09956d2b25f0730c9cd7.jpg', 'Xbox Gift Card $5', NULL, 5.00, 0, 0, 1, 42),
(451, 'https://i.pinimg.com/736x/02/49/33/0249336d161e09956d2b25f0730c9cd7.jpg', 'Xbox Gift Card $10', NULL, 10.00, 0, 0, 1, 42),
(452, 'https://i.pinimg.com/736x/02/49/33/0249336d161e09956d2b25f0730c9cd7.jpg', 'Xbox Gift Card $25', NULL, 25.00, 0, 0, 1, 42),
(453, 'https://i.pinimg.com/736x/02/49/33/0249336d161e09956d2b25f0730c9cd7.jpg', 'Xbox Gift Card $50', NULL, 50.00, 0, 0, 1, 42),
(454, 'https://play-lh.googleusercontent.com/GTZLAsNg0oF2YQKK1sx0Sau0ZDQsOMl0MwZNuuGD0P5ps4MY3pd4lYgnk2Lqpw4pjxs', 'Snake', '1976-01-01', 0.99, 0, 0, 1, 43),
(455, 'https://i.guim.co.uk/img/media/8152f8ea7f06fd8ef5c68a3a594e6ac35dfd774b/0_342_800_480/master/800.jpg?width=1200&height=1200&quality=85&auto=format&fit=crop&s=42bb412858826e59cd33e40975ca3ee1', 'Pac-Man', '1980-05-22', 4.99, 0, 0, 1, 43),
(456, 'https://m.media-amazon.com/images/I/71RKjZUwdRS._AC_SL1024_.jpg', 'Mega Man', '1987-12-17', 19.99, 0, 0, 1, 44),
(457, 'https://i.etsystatic.com/6824854/r/il/b28b90/6103193505/il_fullxfull.6103193505_1miy.jpg', 'Mega Man 2', '1988-12-24', 19.99, 0, 0, 1, 44),
(458, 'https://cdn.mobygames.com/81fddc0c-abb1-11ed-aecf-02420a000198.webp', 'Mega Man 3', '1990-09-30', 19.99, 0, 0, 1, 44),
(459, 'https://images.wallpapersden.com/image/download/john-madden-4k-madden-nfl-23_bWlmammUmZqaraWkpJRobWllrWdma2U.jpg', 'Madden NFL 23', '2022-08-19', 59.99, 0, 0, 1, 24),
(460, 'https://store-images.s-microsoft.com/image/apps.35624.13918641613037022.bb7fbbfc-ad3b-4ed0-8af1-b9b474927fae.c82f71fa-558d-4264-9e3c-75d3234558ce?q=90&w=480&h=270', 'Madden NFL 24', '2023-08-18', 69.99, 0, 0, 1, 24),
(461, 'https://encrypted-tbn0.gstatic.com/images?q=tbn:ANd9GcSo4By9jdJJPTCALS_E0a5F9drtGcKW-SSpuA&s', 'Castlevania', '1986-09-26', 29.99, 0, 0, 1, 10),
(462, 'https://f4.bcbits.com/img/a3955188387_16.jpg', 'Castlevania II: Simon\'s Quest', '1987-12-05', 29.99, 0, 0, 1, 2),
(463, 'https://i.scdn.co/image/ab67616d0000b27313e04e184973a57a66115390', 'Silent Hill', '1999-02-22', 39.99, 0, 0, 1, 13),
(464, 'https://images.igdb.com/igdb/image/upload/t_cover_big_2x/coavaf.jpg', 'Silent Hill 2', '2001-09-24', 39.99, 0, 0, 1, 13),
(465, 'https://cdn.mobygames.com/covers/5522421-the-sims-windows-front-cover.jpg', 'The Sims', '2000-02-04', 39.99, 0, 0, 1, 45),
(466, 'https://images.igdb.com/igdb/image/upload/t_cover_big_2x/co4ja7.jpg', 'The Sims 2', '2004-09-14', 39.99, 0, 0, 1, 45),
(467, 'https://wallpapers.com/images/featured/the-sims-3-akvp0xziifs21rlg.jpg', 'The Sims 3', '2009-06-02', 49.99, 0, 0, 1, 45),
(468, 'https://i.etsystatic.com/40271594/r/il/dac178/6143826289/il_fullxfull.6143826289_fibl.jpg', 'The Sims 4', '2014-09-02', 59.99, 0, 0, 1, 45),
(469, 'https://images.igdb.com/igdb/image/upload/t_cover_big_2x/co65yq.jpg', 'Dying Light', '2015-01-27', 29.99, 0, 0, 1, 46),
(470, 'https://encrypted-tbn0.gstatic.com/images?q=tbn:ANd9GcRcaiogL1nXVk1gBpOIYYxiwjrcGMlr52tXeg&s', 'Dying Light 2', '2022-02-04', 49.99, 0, 0, 1, 1),
(471, 'https://images.igdb.com/igdb/image/upload/t_cover_big_2x/co3q8d.jpg', 'Notrium', '2003-01-01', 9.99, 0, 0, 1, 2),
(472, 'https://images.launchbox-app.com/5be4d322-827f-454d-acfb-082f03d5fed3.jpg', 'Among the Sleep', '2014-05-29', 14.99, 0, 0, 1, 47),
(473, 'https://i.pinimg.com/originals/9f/0b/3a/9f0b3a1a34aaa8548612b7006be207f5.jpg', 'NBA 2K20', '2019-09-06', 59.99, 0, 0, 1, 24),
(474, 'https://media.kgw.com/assets/KGW/images/390c85c2-3ed8-4e28-9087-9e2b282ed932/390c85c2-3ed8-4e28-9087-9e2b282ed932_750x422.jpg', 'NBA 2K21', '2020-09-04', 59.99, 0, 0, 1, 24),
(475, 'https://cdn.mobygames.com/64c0cf20-aba5-11ed-aaf5-02420a00019c.webp', 'Prince of Persia: Sands of Time', '2003-10-07', 29.99, 0, 0, 1, 2),
(476, 'https://cf.geekdo-images.com/G29rt1zm58bWp3z3gnezUQ__original/img/PEUoyqd6yHwZdaO0DrpnKCVTgfg=/0x0/filters:format(png)/pic8076574.png', 'Mass Effect', '2007-11-20', 59.99, 0, 0, 1, 3),
(477, 'https://www.gamereactor.eu/media/85/masseffect2_188531.jpg', 'Mass Effect 2', '2010-01-26', 59.99, 0, 0, 1, 3),
(478, 'https://images.igdb.com/igdb/image/upload/t_cover_big_2x/co3ko7.jpg', 'Killzone', '2004-11-11', 49.99, 0, 0, 1, 6),
(479, 'https://images.igdb.com/igdb/image/upload/t_cover_big_2x/co3j9z.jpg', 'Killzone 2', '2009-02-25', 49.99, 0, 0, 1, 6),
(480, 'https://cdn.mobygames.com/covers/20152110-the-crew-xbox-one-front-cover.png', 'The Crew', '2014-12-02', 29.99, 0, 0, 1, 26),
(481, 'https://cdn.mobygames.com/covers/9528417-the-crew-2-xbox-one-front-cover.jpg', 'The Crew 2', '2018-06-29', 39.99, 0, 0, 1, 26),
(482, 'https://images.igdb.com/igdb/image/upload/t_cover_big_2x/co9blb.jpg', 'Dynasty Warriors', '1997-03-28', 29.99, 0, 0, 1, 48),
(483, 'https://m.media-amazon.com/images/M/MV5BM2Q2NzUyMTAtYWIzYi00YzNjLTkwYzYtMTU1YjAxOTRkYWE2XkEyXkFqcGc@._V1_FMjpg_UX1000_.jpg', 'Dynasty Warriors 2', '2000-09-12', 29.99, 0, 0, 1, 48),
(484, 'https://fwcdn.pl/fpo/13/60/201360/7163820_3.3.jpg', 'Dragon Quest', '1986-05-27', 60.00, 0, 0, 1, 3),
(485, 'https://play-lh.googleusercontent.com/3m-_YW-VE_J3tICzqHwqmVwYWMwyIh9IO7h6Wh8bbLDvPKv1VOc2fpfIv0IZASVA1gNu=w526-h296-rw', 'Dragon Quest II: Luminaries of the Legendary Line', '1987-01-26', 70.00, 0, 0, 1, 3),
(486, 'https://images.igdb.com/igdb/image/upload/t_cover_big_2x/co1xaj.jpg', 'Dragon Quest III: The Seeds of Salvation', '1988-02-10', 80.00, 0, 0, 1, 3),
(487, 'https://encrypted-tbn0.gstatic.com/images?q=tbn:ANd9GcQotUwwOpE0p2uWO7Dquz41SoQu-iffP6-Wdw&s', 'Dragon Quest IV: Chapters of the Chosen', '1990-02-11', 90.00, 0, 0, 1, 3),
(488, 'https://encrypted-tbn0.gstatic.com/images?q=tbn:ANd9GcRz-KB8h7x0FhtUuNnDDzdJL1HIhcsL2yjdjA&s', 'Dragon Quest V: Hand of the Heavenly Bride', '1992-09-27', 100.00, 0, 0, 1, 3),
(489, 'https://m.media-amazon.com/images/M/MV5BODRhZDJkZjctMThkOS00M2ZkLWE2OGQtODBiODdhMzQ5YjMwXkEyXkFqcGc@._V1_FMjpg_UX1000_.jpg', 'Dragon Quest VI: Realms of Revelation', '1995-12-09', 120.00, 0, 0, 1, 3),
(490, 'https://images.igdb.com/igdb/image/upload/t_cover_big_2x/co1x9h.jpg', 'Dragon Quest VII: Fragments of the Forgotten Past', '2000-08-26', 50.00, 0, 0, 1, 3),
(491, 'https://m.media-amazon.com/images/M/MV5BMTQ0OTkwOWUtYWQ5OS00NTA5LTg4N2EtZWMwMGYxYTY1YjJiXkEyXkFqcGc@._V1_.jpg', 'Dragon Quest VIII: Journey of the Cursed King', '2004-11-27', 25.00, 0, 0, 1, 3),
(492, 'https://encrypted-tbn0.gstatic.com/images?q=tbn:ANd9GcQynMq_z3Lq0uNLXUw4Fmkux-RiGCU699jYfA&s', 'Dragon Quest IX: Sentinels of the Starry Skies', '2009-07-11', 35.00, 0, 0, 1, 3),
(493, 'https://www.keycense.com/_next/image?url=https%3A%2F%2Ffirebasestorage.googleapis.com%2Fv0%2Fb%2Fkeycense.appspot.com%2Fo%2Fproducts%252F67d8273e10823f0c2b210127.jpg%3Falt%3Dmedia%26token%3D0e6deae5-0df9-42fd-ba89-2683e2c0c681&w=3840&q=60', 'Dragon Quest XI: Echoes of an Elusive Age', '2017-07-29', 60.00, 0, 0, 1, 3),
(494, 'https://civfanatics-data.community.forum/attachments/489/489902-ef99cb3c0adb40d7656c2b99b4c14f6b.jpg?hash=75nLPArbQN', 'Civilization I', '1991-09-30', 10.00, 0, 0, 1, 49),
(495, 'https://cdn.mobygames.com/covers/4022192-sid-meiers-civilization-ii-windows-16-bit-front-cover.jpg', 'Civilization II', '1996-02-29', 15.00, 0, 0, 1, 49),
(496, 'https://m.media-amazon.com/images/M/MV5BY2I4ZjEwNWEtNjljYi00MzVhLWI2OWMtYTc4NmEyZDI5MDk4XkEyXkFqcGc@._V1_FMjpg_UX1000_.jpg', 'Civilization III', '2001-10-30', 20.00, 0, 0, 1, 49),
(497, 'https://encrypted-tbn0.gstatic.com/images?q=tbn:ANd9GcTGk9dH9IA9C_YJWiWXKxdvnL-3UrSKHepNJQ&s', 'Civilization IV', '2005-10-25', 25.00, 0, 0, 1, 49),
(498, 'https://encrypted-tbn0.gstatic.com/images?q=tbn:ANd9GcT-9TnXQbawpOHV-pkBP-trTMeSIk_OLv8SNA&s', 'Civilization V', '2010-09-21', 30.00, 0, 0, 1, 49),
(499, 'https://sm.ign.com/t/ign_ap/cover/s/sid-meiers/sid-meiers-civilization-vi_h5wc.600.jpg', 'Civilization VI', '2016-10-21', 60.00, 0, 0, 1, 49),
(500, 'https://encrypted-tbn0.gstatic.com/images?q=tbn:ANd9GcR6uGPvPKThRJICZcqJcMtMoEPY5GJNoNTJsA&s', 'Civilization Revolution', '2008-02-26', 15.00, 0, 0, 1, 49),
(501, 'https://forums.civfanatics.com/media/civilization-revolution-2-japanese-cover.7059/full', 'Civilization Revolution 2', '2014-07-02', 10.00, 0, 0, 1, 49),
(502, 'https://cdn.mobygames.com/covers/4146543-donkey-kong-game-boy-front-cover.jpg', 'Donkey Kong', '1981-07-09', 100.00, 0, 0, 1, 14),
(503, 'https://sm.ign.com/ign_ap/cover/d/donkey-kon/donkey-kong-jr_a27q.jpg', 'Donkey Kong Jr.', '1982-07-26', 80.00, 0, 0, 1, 14),
(504, 'https://encrypted-tbn0.gstatic.com/images?q=tbn:ANd9GcRDFkXUBJIekyJMVfPIXVVk8GRR928YcvmOKQ&s', 'Donkey Kong 3', '1983-07-16', 60.00, 0, 0, 1, 22),
(505, 'https://images.igdb.com/igdb/image/upload/t_cover_big_2x/co8d9n.jpg', 'Donkey Kong Country', '1994-11-21', 150.00, 0, 0, 1, 14),
(506, 'https://encrypted-tbn0.gstatic.com/images?q=tbn:ANd9GcR_fowzppYAH_R-WYruLXr2sGgJOaZIUUtaEg&s', 'Donkey Kong Country 2: Diddy\'s Kong Quest', '1995-11-21', 120.00, 0, 0, 1, 14),
(507, 'https://m.media-amazon.com/images/M/MV5BY2I3MzdmN2UtYmZmYS00YzM2LWJkMDItNzBkNDM4YmVhMzI0XkEyXkFqcGc@._V1_.jpg', 'Donkey Kong Country 3: Dixie Kong\'s Double Trouble!', '1996-11-22', 500.00, 0, 0, 1, 14),
(508, 'https://images.igdb.com/igdb/image/upload/t_cover_big_2x/co289i.jpg', 'Donkey Kong 64', '1999-11-22', 50.00, 0, 0, 1, 14),
(509, 'https://encrypted-tbn0.gstatic.com/images?q=tbn:ANd9GcScYy_QkbsTjjYhFt_LO8Lxs3ikQYDXrh16cQ&s', 'Donkey Kong Country Returns', '2010-11-21', 25.00, 0, 0, 1, 14),
(510, 'https://upload.wikimedia.org/wikipedia/en/f/fb/DKC5_box_art.jpg', 'Donkey Kong Country: Tropical Freeze', '2014-02-21', 35.00, 0, 0, 1, 14),
(511, 'https://cdn.mobygames.com/covers/3994202-mortal-kombat-dos-front-cover.jpg', 'Mortal Kombat', '1992-10-08', 100.00, 0, 0, 1, 30),
(512, 'https://upload.wikimedia.org/wikipedia/en/d/df/Mortal_Kombat_II_boxart.png', 'Mortal Kombat II', '1993-09-09', 120.00, 0, 0, 1, 30),
(513, 'https://m.media-amazon.com/images/M/MV5BYmM0ZjlmNDUtMDMwNS00MDA2LTkxMTEtNjFkYzMzYTVmOTlhXkEyXkFqcGc@._V1_.jpg', 'Mortal Kombat 3', '1995-04-15', 80.00, 0, 0, 1, 30),
(514, 'https://cdn.mobygames.com/covers/29741-mortal-kombat-4-windows-front-cover.jpg', 'Mortal Kombat 4', '1997-03-25', 60.00, 0, 0, 1, 30),
(515, 'https://upload.wikimedia.org/wikipedia/en/3/32/MK_Deadly_Alliance_Cover_Art.png', 'Mortal Kombat: Deadly Alliance', '2002-11-12', 20.00, 0, 0, 1, 30),
(516, 'https://encrypted-tbn0.gstatic.com/images?q=tbn:ANd9GcRY3BwwpR22xIUd0ZGpjddYio0Cl6SMMDWbkQ&s', 'Mortal Kombat: Deception', '2004-10-04', 20.00, 0, 0, 1, 30),
(517, 'https://encrypted-tbn0.gstatic.com/images?q=tbn:ANd9GcRPpQ340cuV-z9xTxPK3xddW-Oy7F_i022L4g&s', 'Mortal Kombat: Armageddon', '2006-10-11', 20.00, 0, 0, 1, 30),
(518, 'https://images.igdb.com/igdb/image/upload/t_original/fj81en3hdlsrho1jpmst.jpg', 'Mortal Kombat vs. DC Universe', '2008-02-14', 15.00, 0, 0, 1, 30),
(519, 'https://m.media-amazon.com/images/M/MV5BMDIyNDMwNWEtNzAwNC00YTcyLTk0NjEtNzc0NzYwNjJjM2YwXkEyXkFqcGc@._V1_FMjpg_UX1000_.jpg', 'Mortal Kombat (2011)', '2011-04-19', 30.00, 0, 0, 0, 30),
(520, 'https://cdn.europosters.eu/image/750/24477.jpg', 'Mortal Kombat X', '2015-04-14', 40.00, 0, 0, 1, 30),
(521, 'https://sm.ign.com/ign_fr/cover/g/god-of-war/god-of-war-2005_kgwn.jpg', 'God of War (2005)', '2005-03-22', 49.99, 0, 0, 1, 2),
(522, 'https://images.launchbox-app.com/f08a070e-8ea3-47e9-907d-fb2598711ee1.jpg', 'God of War II (2007)', '2007-03-17', 49.99, 0, 0, 1, 2),
(523, 'https://m.media-amazon.com/images/M/MV5BNWQ3OWRmMzMtZGU0NC00YzI0LWI3ODEtMzc0YWJiNzZmOTkyXkEyXkFqcGc@._V1_.jpg', 'God of War: Chains of Olympus', '2008-03-04', 39.99, 0, 0, 1, 2),
(524, 'https://m.media-amazon.com/images/M/MV5BM2QxNjZlYTEtOWVkNC00OGUxLTgwNjMtN2Y4Y2ZjMzcwZjIxXkEyXkFqcGc@._V1_FMjpg_UX1000_.jpg', 'God of War III', '2010-03-16', 49.99, 0, 0, 1, 2),
(525, 'https://static0.polygonimages.com/wordpress/wp-content/uploads/sharedimages/2024/04/god-of-war-ghost-of-sparta.jpg?w=1200&h=1200&fit=crop', 'God of War: Ghost of Sparta', '2010-11-02', 39.99, 0, 0, 1, 2),
(526, 'https://i.etsystatic.com/40271594/r/il/e869eb/6044263738/il_340x270.6044263738_nnba.jpg', 'God of War: Ascension', '2013-03-12', 39.99, 0, 0, 1, 2),
(527, 'https://encrypted-tbn0.gstatic.com/images?q=tbn:ANd9GcRd6tiaE8-n4Akk33oSSWt8-73VlMTRthn9tw&s', 'God of War Ragnarök', '2022-11-09', 59.99, 0, 0, 1, 2),
(528, 'https://i.ebayimg.com/images/g/SZEAAOSwa35nSnek/s-l1200.jpg', 'Persona 4: Golden', '2023-01-18', 19.99, 0, 0, 1, 64),
(529, 'https://encrypted-tbn0.gstatic.com/images?q=tbn:ANd9GcRa828rjNH4Qe5VzvJoHp4308E-UeE17gShVg&s', 'Fallout 3', '2008-10-28', 19.99, 0, 0, 1, 10),
(530, 'https://i.ebayimg.com/images/g/Jj8AAOSwGg5eXdVF/s-l1200.jpg', 'Fallout 76', '2018-11-14', 29.99, 0, 0, 1, 10),
(531, 'https://m.media-amazon.com/images/M/MV5BMjQ3YmE0NGItNDIwMS00MWY4LTlmMDItMzc5MDIzYjk0YTUzXkEyXkFqcGc@._V1_FMjpg_UX1000_.jpg', 'EarthBound', '1994-08-27', 9.99, 0, 0, 1, 64),
(532, 'https://i.etsystatic.com/6824854/r/il/a890b1/1460373818/il_570xN.1460373818_j5vh.jpg', 'Quake', '1998-03-24', 9.99, 0, 0, 1, 6),
(533, 'https://encrypted-tbn0.gstatic.com/images?q=tbn:ANd9GcTG4UAEk2DS7TGFKtD2St5FaXkNtt4d3PSfvw&s', 'Deus Ex', '2000-06-21', 4.99, 0, 0, 1, 6);

-- --------------------------------------------------------

--
-- Tábla szerkezet ehhez a táblához `developers`
--

CREATE TABLE `developers` (
  `developer_id` int(11) NOT NULL,
  `person_name` varchar(100) NOT NULL,
  `company_name` varchar(100) NOT NULL,
  `role` varchar(100) NOT NULL,
  `start_date` date NOT NULL,
  `end_date` date DEFAULT NULL,
  `publisher_id` int(11) DEFAULT NULL,
  `role_id` int(11) DEFAULT NULL
) ENGINE=InnoDB DEFAULT CHARSET=utf8mb4 COLLATE=utf8mb4_general_ci;

--
-- A tábla adatainak kiíratása `developers`
--

INSERT INTO `developers` (`developer_id`, `person_name`, `company_name`, `role`, `start_date`, `end_date`, `publisher_id`, `role_id`) VALUES
(1, 'Tom Green', 'Maxis', 'Lead Developer', '1999-06-01', NULL, 1, 1),
(2, 'Anna White', 'DMA Design', 'Gameplay Programmer', '2000-06-01', NULL, 2, 2),
(3, 'Mark Black', 'Retro Studios', 'Game Designer', '2001-06-01', NULL, 3, 3),
(4, 'Lucy King', 'BioWare', 'Game Designer', '2002-06-01', NULL, 4, 3),
(5, 'Peter Young', 'Valve', 'Lead Programmer', '2003-06-01', NULL, 5, 4),
(6, 'Sarah Hall', 'Team Ico', 'Level Designer', '2004-06-01', NULL, 6, 5),
(7, 'Daniel Allen', 'Epic Games', 'Gameplay Engineer', '2005-06-01', NULL, 7, 6),
(8, 'Brian Lewis', 'FromSoftware', 'Quest Designer', '2022-06-01', NULL, 9, 7),
(9, 'Karen Walker', 'CD Projekt', 'Game Designer', '2015-06-01', NULL, 7, 3),
(10, 'Jessica Scott', 'Larian Studios', 'Game Designer', '2023-06-01', NULL, 8, 3),
(11, 'Ethan Parker', 'Santa Monica Studio', 'Lead Designer', '2023-01-15', NULL, 10, 8),
(12, 'Olivia Martinez', 'Naughty Dog', 'Level Designer', '2023-03-01', NULL, 11, 5),
(13, 'Liam Thompson', 'Guerrilla Games', 'Gameplay Programmer', '2023-04-10', NULL, 12, 2),
(14, 'Sophia Johnson', 'Rockstar North', 'Art Director', '2024-02-20', NULL, 13, 9),
(15, 'Noah Brown', 'Bethesda Game Studios', 'Quest Designer', '2024-05-05', NULL, 14, 7),
(16, 'Emma Davis', 'CD Projekt', 'Narrative Designer', '2024-06-15', NULL, 7, 10),
(17, 'James Wilson', 'FromSoftware', 'Combat Designer', '2025-01-10', NULL, 9, 11),
(18, 'Ava Moore', 'BioWare', 'Senior Game Designer', '2025-03-25', NULL, 4, 12),
(19, 'Mason Taylor', 'Valve', 'Lead Programmer', '2025-04-01', NULL, 5, 4),
(20, 'Isabella Anderson', 'Larian Studios', 'Gameplay Engineer', '2025-06-01', NULL, 8, 6);

-- --------------------------------------------------------

--
-- Tábla szerkezet ehhez a táblához `developer_awards`
--

CREATE TABLE `developer_awards` (
  `developer_id` int(11) NOT NULL,
  `award_id` int(11) NOT NULL
) ENGINE=InnoDB DEFAULT CHARSET=utf8mb4 COLLATE=utf8mb4_general_ci;

--
-- A tábla adatainak kiíratása `developer_awards`
--

INSERT INTO `developer_awards` (`developer_id`, `award_id`) VALUES
(1, 1),
(1, 2),
(2, 3),
(2, 4),
(3, 5),
(3, 6),
(4, 7),
(5, 8),
(5, 9),
(6, 10),
(6, 11),
(8, 14),
(8, 15),
(9, 12),
(9, 13),
(10, 16),
(10, 17),
(11, 18),
(11, 19),
(12, 20),
(13, 21),
(14, 22),
(14, 23),
(15, 24),
(16, 25),
(16, 26),
(17, 27),
(18, 16),
(18, 17),
(19, 14),
(19, 15),
(20, 24);

-- --------------------------------------------------------

--
-- Tábla szerkezet ehhez a táblához `game_platforms`
--

CREATE TABLE `game_platforms` (
  `game_id` int(11) NOT NULL,
  `platform_id` int(11) NOT NULL
) ENGINE=InnoDB DEFAULT CHARSET=utf8mb4 COLLATE=utf8mb4_general_ci;

--
-- A tábla adatainak kiíratása `game_platforms`
--

INSERT INTO `game_platforms` (`game_id`, `platform_id`) VALUES
(1, 1),
(1, 2),
(1, 3),
(2, 1),
(2, 2),
(2, 4),
(2, 5),
(3, 6),
(4, 1),
(4, 2),
(4, 4),
(4, 5),
(5, 1),
(5, 7),
(5, 8),
(6, 1),
(6, 7),
(6, 8),
(7, 1),
(7, 2),
(7, 5),
(8, 1),
(8, 4),
(8, 5),
(8, 9),
(9, 6),
(10, 1),
(10, 4),
(10, 5),
(10, 9),
(11, 1),
(11, 4),
(11, 5),
(12, 1),
(12, 2),
(12, 4),
(13, 1),
(13, 7),
(14, 1),
(15, 1),
(15, 4),
(15, 5),
(15, 10),
(16, 1),
(16, 4),
(16, 5),
(16, 9),
(17, 1),
(17, 7),
(17, 8),
(18, 1),
(19, 1),
(19, 7),
(20, 1),
(20, 2),
(20, 5),
(21, 2),
(21, 4),
(22, 1),
(22, 4),
(22, 5),
(23, 1),
(23, 2),
(23, 4),
(24, 1),
(24, 7),
(25, 4),
(26, 1),
(26, 4),
(26, 5),
(27, 1),
(27, 2),
(27, 4),
(27, 5),
(28, 6),
(29, 6),
(30, 6),
(31, 1),
(31, 2),
(31, 3),
(32, 1),
(32, 2),
(32, 4),
(32, 5),
(32, 9),
(33, 1),
(33, 4),
(33, 5),
(33, 9),
(34, 2),
(34, 4),
(35, 1),
(35, 2),
(35, 4),
(35, 5),
(35, 9),
(36, 1),
(36, 2),
(36, 4),
(36, 5),
(37, 1),
(37, 4),
(37, 5),
(37, 9),
(38, 1),
(38, 7),
(39, 1),
(39, 2),
(40, 1),
(40, 2),
(40, 5),
(41, 1),
(41, 8),
(41, 9),
(42, 1),
(42, 3),
(43, 6),
(44, 1),
(44, 4),
(44, 9),
(44, 11),
(45, 1),
(45, 2),
(45, 3),
(45, 4),
(45, 11),
(46, 1),
(46, 4),
(46, 11),
(47, 1),
(47, 4),
(48, 1),
(48, 4),
(48, 9),
(48, 11),
(49, 1),
(49, 4),
(49, 9),
(49, 11),
(50, 1),
(50, 2),
(50, 4),
(50, 8),
(51, 12),
(52, 1),
(52, 4),
(52, 11),
(53, 4),
(54, 1),
(54, 4),
(54, 9),
(54, 11),
(55, 1),
(55, 11),
(56, 1),
(56, 4),
(56, 9),
(56, 11),
(57, 1),
(57, 4),
(57, 11),
(58, 1),
(58, 4),
(58, 11),
(59, 1),
(59, 9),
(59, 11),
(60, 1),
(60, 2),
(60, 3),
(60, 4),
(60, 11),
(61, 1),
(61, 2),
(61, 3),
(61, 4),
(61, 11),
(62, 1),
(62, 4),
(62, 9),
(62, 11),
(63, 1),
(63, 2),
(63, 3),
(63, 4),
(63, 9),
(63, 11),
(64, 1),
(64, 4),
(64, 9),
(64, 11),
(65, 1),
(65, 4),
(65, 8),
(65, 9),
(65, 11),
(66, 1),
(66, 4),
(66, 9),
(66, 11),
(66, 12),
(66, 13),
(67, 1),
(67, 4),
(67, 11),
(68, 1),
(68, 4),
(68, 9),
(68, 11),
(69, 1),
(69, 2),
(69, 3),
(69, 4),
(69, 11),
(70, 1),
(70, 4),
(70, 9),
(70, 11),
(70, 12),
(70, 13),
(71, 1),
(71, 11),
(72, 1),
(72, 4),
(72, 11),
(73, 1),
(73, 4),
(73, 11),
(74, 1),
(74, 11),
(76, 1),
(76, 2),
(76, 3),
(76, 4),
(76, 11),
(77, 1),
(77, 4),
(78, 1),
(78, 4),
(78, 11),
(79, 1),
(79, 4),
(79, 11),
(80, 1),
(80, 4),
(80, 11),
(80, 12),
(80, 13),
(81, 1),
(81, 12),
(81, 13),
(82, 1),
(83, 1),
(83, 4),
(83, 11),
(84, 1),
(84, 2),
(84, 3),
(84, 4),
(84, 9),
(84, 11),
(85, 1),
(85, 4),
(85, 11),
(86, 1),
(86, 2),
(86, 3),
(86, 4),
(86, 11),
(87, 1),
(87, 4),
(87, 11),
(88, 1),
(88, 4),
(88, 9),
(88, 11),
(88, 14),
(89, 1),
(89, 2),
(89, 3),
(89, 4),
(89, 11),
(90, 1),
(90, 2),
(90, 3),
(90, 4),
(90, 11),
(91, 1),
(91, 4),
(91, 9),
(91, 11),
(92, 1),
(92, 2),
(92, 3),
(92, 4),
(92, 11),
(93, 1),
(93, 3),
(93, 11),
(94, 1),
(94, 4),
(94, 11),
(95, 1),
(95, 11),
(96, 1),
(96, 4),
(96, 9),
(96, 11),
(97, 1),
(97, 2),
(97, 3),
(97, 4),
(97, 11),
(98, 1),
(98, 2),
(98, 3),
(98, 4),
(98, 11),
(99, 1),
(99, 4),
(99, 11),
(100, 1),
(100, 4),
(100, 11),
(101, 1),
(101, 3),
(101, 11),
(102, 1),
(102, 11),
(102, 12),
(103, 4),
(104, 1),
(104, 4),
(104, 11),
(105, 1),
(105, 2),
(105, 3),
(105, 4),
(105, 11),
(106, 1),
(106, 4),
(106, 11),
(106, 12),
(106, 13),
(107, 1),
(107, 4),
(107, 11),
(108, 1),
(108, 4),
(108, 11),
(109, 1),
(109, 2),
(109, 3),
(109, 4),
(109, 9),
(109, 11),
(110, 1),
(110, 12),
(110, 13),
(111, 1),
(111, 2),
(111, 3),
(111, 4),
(111, 11),
(112, 1),
(112, 4),
(112, 11),
(112, 12),
(112, 13),
(113, 1),
(113, 11),
(113, 12),
(114, 1),
(114, 4),
(114, 11),
(115, 1),
(115, 12),
(115, 13),
(116, 2),
(116, 4),
(117, 1),
(117, 2),
(117, 4),
(118, 1),
(118, 2),
(118, 3),
(118, 4),
(118, 9),
(118, 11),
(119, 1),
(119, 4),
(119, 9),
(119, 11),
(120, 2),
(120, 4),
(121, 9),
(121, 15),
(122, 1),
(122, 4),
(122, 11),
(123, 1),
(123, 4),
(123, 9),
(123, 11),
(124, 1),
(124, 2),
(124, 3),
(124, 4),
(124, 11),
(125, 1),
(125, 8),
(125, 11),
(126, 1),
(126, 4),
(126, 11),
(126, 12),
(126, 13),
(127, 1),
(127, 3),
(127, 11),
(128, 1),
(128, 4),
(128, 9),
(128, 11),
(129, 1),
(130, 1),
(130, 4),
(130, 11),
(131, 1),
(131, 4),
(131, 9),
(132, 4),
(133, 1),
(133, 4),
(133, 11),
(133, 12),
(133, 13),
(134, 1),
(134, 4),
(134, 11),
(136, 1),
(136, 4),
(136, 9),
(136, 11),
(137, 11),
(138, 1),
(138, 4),
(138, 11),
(139, 1),
(139, 4),
(139, 11),
(140, 1),
(140, 12),
(140, 13),
(141, 1),
(141, 4),
(141, 9),
(141, 11),
(142, 1),
(142, 12),
(143, 1),
(143, 4),
(143, 9),
(143, 11),
(144, 1),
(144, 4),
(144, 9),
(144, 11),
(145, 1),
(145, 4),
(146, 16),
(147, 16),
(148, 16),
(149, 1),
(149, 2),
(149, 17),
(151, 1),
(151, 2),
(151, 4),
(151, 5),
(151, 9),
(152, 1),
(152, 4),
(152, 5),
(153, 2),
(153, 4),
(154, 1),
(154, 4),
(155, 1),
(155, 4),
(155, 5),
(156, 1),
(156, 4),
(156, 5),
(156, 9),
(158, 1),
(159, 6),
(160, 1),
(160, 2),
(160, 4),
(160, 11),
(160, 17),
(161, 1),
(161, 4),
(161, 11),
(162, 1),
(162, 4),
(162, 9),
(162, 11),
(163, 12),
(164, 11),
(164, 12),
(165, 1),
(165, 11),
(166, 1),
(166, 12),
(166, 13),
(167, 1),
(167, 4),
(167, 11),
(168, 1),
(168, 4),
(168, 11),
(169, 1),
(169, 4),
(169, 11),
(170, 1),
(170, 4),
(170, 11),
(171, 1),
(171, 2),
(171, 4),
(171, 11),
(171, 17),
(172, 1),
(172, 4),
(172, 9),
(172, 11),
(173, 1),
(173, 4),
(173, 9),
(173, 11),
(173, 12),
(173, 13),
(174, 18),
(174, 19),
(175, 18),
(175, 20),
(176, 18),
(176, 20),
(176, 21),
(177, 12),
(177, 13),
(177, 18),
(177, 21),
(178, 12),
(178, 13),
(178, 15),
(178, 18),
(179, 1),
(179, 2),
(179, 17),
(180, 1),
(180, 2),
(180, 4),
(180, 9),
(180, 11),
(180, 17),
(181, 1),
(182, 1),
(182, 12),
(182, 13),
(183, 1),
(183, 4),
(183, 9),
(183, 11),
(183, 12),
(183, 13),
(183, 15),
(183, 22),
(184, 1),
(184, 4),
(184, 9),
(184, 11),
(185, 1),
(185, 4),
(185, 11),
(186, 1),
(186, 2),
(186, 4),
(187, 1),
(187, 4),
(187, 9),
(187, 11),
(188, 1),
(188, 5),
(188, 12),
(189, 1),
(189, 9),
(189, 12),
(189, 13),
(190, 1),
(190, 4),
(190, 11),
(190, 12),
(190, 13),
(191, 1),
(191, 4),
(191, 11),
(192, 1),
(192, 4),
(192, 11),
(193, 1),
(193, 4),
(193, 11),
(194, 1),
(194, 4),
(194, 11),
(194, 12),
(194, 13),
(195, 1),
(195, 4),
(195, 11),
(196, 1),
(196, 12),
(196, 13),
(197, 1),
(197, 12),
(197, 13),
(198, 1),
(198, 5),
(198, 23),
(198, 24),
(199, 1),
(199, 5),
(199, 23),
(199, 24),
(200, 1),
(200, 5),
(200, 12),
(200, 13),
(200, 23),
(200, 25),
(201, 1),
(201, 12),
(201, 13),
(201, 23),
(201, 25),
(202, 1),
(202, 12),
(202, 13),
(202, 23),
(202, 25),
(203, 1),
(203, 12),
(203, 13),
(204, 1),
(204, 12),
(204, 13),
(205, 1),
(205, 4),
(205, 11),
(205, 12),
(205, 13),
(206, 1),
(206, 4),
(206, 11),
(207, 1),
(207, 4),
(207, 11),
(208, 1),
(208, 4),
(208, 11),
(209, 1),
(209, 2),
(209, 17),
(210, 1),
(210, 12),
(210, 13),
(211, 1),
(211, 4),
(211, 11),
(212, 1),
(212, 4),
(212, 11),
(213, 1),
(213, 2),
(213, 4),
(213, 11),
(213, 17),
(214, 1),
(214, 12),
(214, 13),
(215, 1),
(215, 12),
(215, 13),
(216, 1),
(216, 12),
(216, 13),
(217, 1),
(217, 12),
(217, 13),
(218, 1),
(218, 12),
(218, 13),
(218, 15),
(219, 1),
(219, 4),
(219, 9),
(219, 11),
(219, 12),
(219, 13),
(219, 15),
(220, 1),
(220, 4),
(220, 9),
(220, 11),
(220, 12),
(220, 13),
(221, 1),
(221, 4),
(221, 11),
(222, 1),
(222, 4),
(222, 11),
(223, 1),
(223, 4),
(223, 11),
(223, 14),
(224, 1),
(224, 2),
(224, 4),
(224, 11),
(224, 17),
(225, 1),
(225, 26),
(226, 1),
(226, 5),
(226, 8),
(226, 23),
(227, 1),
(227, 5),
(227, 8),
(227, 23),
(228, 1),
(228, 5),
(228, 8),
(228, 12),
(228, 13),
(228, 23),
(229, 1),
(229, 12),
(229, 13),
(230, 1),
(230, 2),
(230, 4),
(230, 11),
(230, 17),
(231, 1),
(231, 5),
(232, 12),
(233, 1),
(233, 12),
(234, 27),
(235, 27),
(236, 27),
(237, 28),
(238, 28),
(239, 28),
(240, 29),
(241, 29),
(242, 29),
(243, 29),
(244, 29),
(245, 30),
(246, 30),
(247, 30),
(248, 30),
(249, 30),
(250, 30),
(251, 30),
(252, 16),
(253, 16),
(254, 16),
(255, 16),
(256, 16),
(257, 16),
(258, 6),
(259, 6),
(260, 6),
(261, 6),
(262, 6),
(263, 6),
(264, 31),
(265, 31),
(266, 1),
(266, 7),
(267, 1),
(267, 7),
(269, 1),
(269, 7),
(270, 1),
(270, 7),
(271, 1),
(271, 7),
(272, 1),
(272, 7),
(273, 1),
(273, 7),
(274, 1),
(274, 7),
(275, 1),
(275, 7),
(276, 1),
(276, 7),
(277, 1),
(277, 7),
(278, 1),
(278, 7),
(279, 1),
(279, 7),
(280, 1),
(280, 7),
(281, 1),
(281, 7),
(282, 1),
(282, 7),
(301, 1),
(301, 7),
(302, 12),
(302, 32),
(303, 12),
(304, 12),
(305, 12),
(306, 11),
(306, 33),
(307, 1),
(307, 11),
(307, 17),
(308, 1),
(308, 11),
(308, 17),
(309, 2),
(309, 4),
(309, 9),
(309, 11),
(309, 14),
(309, 17),
(310, 2),
(310, 4),
(310, 9),
(310, 11),
(310, 17),
(311, 2),
(311, 9),
(311, 17),
(312, 2),
(312, 9),
(312, 17),
(313, 1),
(313, 2),
(314, 2),
(315, 1),
(315, 4),
(315, 9),
(315, 11),
(316, 1),
(316, 4),
(316, 9),
(316, 11),
(317, 1),
(317, 2),
(317, 17),
(318, 1),
(318, 4),
(318, 11),
(319, 1),
(319, 4),
(319, 11),
(320, 1),
(320, 4),
(320, 9),
(320, 11),
(321, 1),
(322, 6),
(323, 6),
(324, 6),
(325, 6),
(326, 6),
(327, 6),
(328, 6),
(329, 6),
(330, 6),
(331, 6),
(332, 6),
(333, 6),
(334, 1),
(334, 4),
(334, 11),
(334, 12),
(334, 13),
(335, 1),
(335, 4),
(335, 9),
(335, 11),
(336, 1),
(336, 4),
(336, 9),
(336, 11),
(337, 1),
(337, 4),
(337, 9),
(337, 11),
(338, 1),
(338, 4),
(338, 9),
(338, 11),
(339, 1),
(339, 2),
(339, 17),
(340, 1),
(340, 7),
(341, 1),
(341, 2),
(341, 4),
(341, 9),
(341, 11),
(341, 17),
(342, 1),
(342, 4),
(342, 11),
(342, 12),
(342, 13),
(342, 15),
(343, 1),
(343, 4),
(343, 11),
(343, 12),
(343, 13),
(343, 15),
(344, 1),
(344, 4),
(344, 9),
(344, 11),
(345, 1),
(345, 4),
(345, 11),
(345, 12),
(345, 13),
(345, 15),
(346, 1),
(346, 4),
(346, 9),
(346, 11),
(346, 12),
(346, 13),
(347, 1),
(347, 4),
(347, 11),
(347, 12),
(347, 13),
(348, 1),
(348, 4),
(348, 11),
(348, 12),
(348, 13),
(349, 1),
(349, 4),
(349, 9),
(349, 11),
(350, 1),
(350, 4),
(350, 11),
(350, 12),
(350, 13),
(351, 1),
(351, 4),
(351, 9),
(351, 11),
(352, 1),
(352, 4),
(352, 11),
(352, 12),
(352, 13),
(352, 15),
(355, 1),
(355, 2),
(355, 4),
(355, 9),
(355, 11),
(355, 17),
(356, 1),
(356, 34),
(357, 1),
(357, 34),
(358, 1),
(358, 4),
(358, 11),
(358, 12),
(358, 13),
(359, 1),
(359, 4),
(359, 11),
(360, 1),
(360, 4),
(360, 11),
(361, 1),
(361, 2),
(361, 4),
(361, 11),
(361, 17),
(362, 1),
(362, 2),
(362, 17),
(363, 1),
(364, 1),
(365, 1),
(367, 1),
(367, 2),
(367, 4),
(367, 11),
(367, 17),
(368, 1),
(368, 2),
(368, 17),
(370, 35),
(371, 35),
(372, 35),
(373, 35),
(374, 36),
(375, 36),
(376, 36),
(377, 36),
(378, 37),
(379, 37),
(380, 37),
(381, 37),
(382, 38),
(383, 38),
(384, 38),
(385, 38),
(386, 39),
(387, 39),
(388, 39),
(389, 39),
(390, 40),
(391, 40),
(392, 40),
(393, 40),
(394, 41),
(395, 41),
(396, 41),
(397, 41),
(398, 42),
(399, 42),
(400, 42),
(401, 42),
(402, 43),
(403, 43),
(404, 43),
(405, 43),
(406, 44),
(407, 44),
(408, 44),
(409, 44),
(410, 45),
(411, 45),
(412, 45),
(413, 45),
(414, 46),
(415, 46),
(416, 46),
(417, 46),
(418, 19),
(419, 19),
(420, 19),
(421, 19),
(422, 47),
(423, 47),
(424, 47),
(425, 47),
(426, 48),
(427, 48),
(428, 48),
(429, 48),
(430, 49),
(431, 49),
(432, 49),
(433, 49),
(434, 50),
(435, 50),
(436, 50),
(437, 50),
(438, 51),
(439, 51),
(440, 51),
(441, 51),
(442, 52),
(443, 52),
(444, 52),
(445, 52),
(446, 53),
(447, 53),
(448, 53),
(449, 53),
(450, 5),
(451, 5),
(452, 5),
(453, 5),
(454, 1),
(454, 8),
(455, 1),
(455, 7),
(455, 18),
(456, 54),
(457, 54),
(458, 54),
(459, 1),
(459, 4),
(459, 5),
(460, 1),
(460, 2),
(460, 4),
(460, 5),
(461, 54),
(462, 54),
(463, 26),
(464, 23),
(465, 1),
(466, 1),
(467, 1),
(467, 12),
(467, 13),
(468, 1),
(468, 4),
(468, 11),
(469, 1),
(469, 4),
(469, 11),
(470, 1),
(470, 2),
(470, 4),
(470, 5),
(471, 1),
(472, 1),
(472, 4),
(472, 11),
(473, 1),
(473, 4),
(473, 5),
(474, 1),
(474, 2),
(474, 4),
(474, 5),
(475, 1),
(475, 5),
(475, 23),
(476, 1),
(476, 12),
(477, 1),
(477, 12),
(478, 23),
(479, 13),
(480, 1),
(480, 4),
(480, 11),
(481, 1),
(481, 4),
(481, 11),
(482, 1),
(482, 26),
(483, 1),
(483, 23),
(484, 54),
(485, 54),
(486, 54),
(487, 54),
(488, 55),
(489, 55),
(490, 26),
(491, 23),
(492, 56),
(493, 1),
(493, 4),
(493, 9),
(494, 1),
(495, 1),
(496, 1),
(497, 1),
(498, 1),
(499, 1),
(499, 4),
(499, 9),
(499, 11),
(500, 12),
(500, 13),
(500, 56),
(501, 57),
(501, 58),
(502, 18),
(502, 54),
(503, 18),
(503, 54),
(504, 18),
(504, 54),
(505, 55),
(506, 55),
(507, 55),
(508, 59),
(509, 25),
(509, 60),
(510, 9),
(510, 15),
(511, 18),
(511, 55),
(511, 61),
(512, 18),
(512, 55),
(512, 61),
(513, 18),
(513, 55),
(513, 61),
(514, 18),
(514, 26),
(514, 59),
(515, 5),
(515, 23),
(515, 62),
(516, 5),
(516, 23),
(516, 62),
(517, 5),
(517, 23),
(517, 25),
(518, 12),
(518, 13),
(519, 1),
(519, 12),
(519, 13),
(520, 1),
(520, 4),
(520, 11),
(521, 23),
(522, 23),
(523, 13),
(523, 21),
(524, 4),
(524, 13),
(525, 21),
(526, 13),
(527, 1),
(527, 2),
(527, 4),
(528, 1),
(528, 4),
(528, 9),
(528, 22),
(529, 1),
(529, 12),
(529, 13),
(530, 1),
(530, 4),
(530, 11),
(531, 55),
(532, 1),
(532, 31),
(532, 32),
(532, 34),
(533, 1),
(533, 32),
(533, 34);

-- --------------------------------------------------------

--
-- Tábla szerkezet ehhez a táblához `genres`
--

CREATE TABLE `genres` (
  `genre_id` int(11) NOT NULL,
  `genre_name` varchar(100) DEFAULT NULL
) ENGINE=InnoDB DEFAULT CHARSET=utf8mb4 COLLATE=utf8mb4_general_ci;

--
-- A tábla adatainak kiíratása `genres`
--

INSERT INTO `genres` (`genre_id`, `genre_name`) VALUES
(10, 'Action'),
(41, 'Action (Asymmetrical)'),
(46, 'Action Horror'),
(1, 'Action RPG'),
(2, 'Action-Adventure'),
(44, 'Action-Platformer'),
(23, 'Adventure'),
(47, 'Adventure/Horror'),
(43, 'Arcade'),
(36, 'Battle'),
(5, 'Battle Royale'),
(35, 'Co-op Horror'),
(31, 'Exploration'),
(30, 'Fighting'),
(6, 'FPS'),
(42, 'giftcards'),
(48, 'Hack & Slash'),
(25, 'Horror'),
(45, 'Life Sim'),
(9, 'Metroidvania'),
(29, 'MMORPG'),
(12, 'MOBA'),
(21, 'Party'),
(14, 'Platformer'),
(40, 'Platformer / Creation'),
(11, 'Puzzle'),
(15, 'Puzzle Adventure'),
(19, 'Puzzle Platformer'),
(32, 'Puzzle-Platformer'),
(26, 'Racing'),
(34, 'Racing Simulator'),
(38, 'Rhythm'),
(7, 'Roguelike'),
(20, 'Roguelike Shooter'),
(64, 'Role‑playing'),
(3, 'RPG'),
(18, 'Run and Gun'),
(4, 'Sandbox'),
(22, 'Shooter'),
(8, 'Simulation'),
(24, 'Sports'),
(28, 'Stealth'),
(33, 'Strategy'),
(27, 'Survival'),
(13, 'Survival Horror'),
(16, 'Tactical RPG'),
(17, 'Third-Person Shooter'),
(37, 'TPS'),
(49, 'Turn-Based Strategy'),
(39, 'Visual Novel');

-- --------------------------------------------------------

--
-- Tábla szerkezet ehhez a táblához `platforms`
--

CREATE TABLE `platforms` (
  `platform_id` int(11) NOT NULL,
  `platform_name` varchar(255) NOT NULL
) ENGINE=InnoDB DEFAULT CHARSET=utf8mb4 COLLATE=utf8mb4_general_ci;

--
-- A tábla adatainak kiíratása `platforms`
--

INSERT INTO `platforms` (`platform_id`, `platform_name`) VALUES
(60, '3DS'),
(35, 'Amazon'),
(58, 'Android'),
(36, 'Apple'),
(18, 'Arcade'),
(38, 'Battle.net'),
(37, 'Binance'),
(7, 'Console'),
(39, 'Discord'),
(56, 'DS'),
(40, 'Epic Games'),
(27, 'Game Boy'),
(29, 'Game Boy Advance'),
(28, 'Game Boy Color'),
(24, 'GameCube'),
(62, 'GC'),
(61, 'Genesis'),
(41, 'Google Play'),
(57, 'iOS'),
(42, 'iTunes'),
(34, 'Mac'),
(53, 'Mastercard'),
(43, 'Microsoft Store'),
(8, 'Mobile'),
(59, 'N64'),
(54, 'NES'),
(44, 'Netflix'),
(45, 'Nintendo'),
(16, 'Nintendo 3DS'),
(31, 'Nintendo 64'),
(30, 'Nintendo DS'),
(6, 'Nintendo Switch'),
(46, 'Origin'),
(1, 'PC'),
(19, 'PlayStation'),
(20, 'PlayStation 2'),
(26, 'PS1'),
(23, 'PS2'),
(13, 'PS3'),
(4, 'PS4'),
(2, 'PS5'),
(21, 'PSP'),
(47, 'Razer'),
(48, 'Roblox'),
(50, 'Shein'),
(55, 'SNES'),
(49, 'Spotify'),
(14, 'Stadia'),
(51, 'Steam'),
(9, 'Switch'),
(52, 'Ubisoft'),
(22, 'Vita'),
(10, 'VR'),
(25, 'Wii'),
(15, 'Wii U'),
(32, 'Windows'),
(33, 'Windows 10'),
(5, 'Xbox'),
(12, 'Xbox 360'),
(11, 'Xbox One'),
(3, 'Xbox Series X'),
(17, 'Xbox Series X/S');

-- --------------------------------------------------------

--
-- Tábla szerkezet ehhez a táblához `publishers`
--

CREATE TABLE `publishers` (
  `publisher_id` int(11) NOT NULL,
  `company_name` varchar(100) NOT NULL,
  `start_date` date NOT NULL,
  `end_date` date DEFAULT NULL
) ENGINE=InnoDB DEFAULT CHARSET=utf8mb4 COLLATE=utf8mb4_general_ci;

--
-- A tábla adatainak kiíratása `publishers`
--

INSERT INTO `publishers` (`publisher_id`, `company_name`, `start_date`, `end_date`) VALUES
(1, 'Electronic Arts', '2000-01-01', NULL),
(2, 'Rockstar Games', '2001-01-01', NULL),
(3, 'Nintendo', '2002-01-01', NULL),
(4, 'LucasArts', '2003-01-01', NULL),
(5, 'Valve', '2004-01-01', NULL),
(6, 'Sony Interactive Entertainment', '2005-01-01', NULL),
(7, 'CD Projekt', '2015-01-01', NULL),
(8, 'Larian Studios', '2023-01-01', NULL),
(9, 'FromSoftware', '2022-01-01', NULL),
(10, 'Santa Monica Studio', '2023-06-01', NULL),
(11, 'Guerrilla Games', '2023-07-15', NULL),
(12, 'Naughty Dog', '2023-08-01', NULL),
(13, 'Rockstar North', '2024-01-10', NULL),
(14, 'Bethesda Game Studios', '2024-02-20', NULL),
(15, 'BioWare', '2024-03-05', NULL),
(16, 'CD Projekt', '2025-01-01', NULL),
(17, 'FromSoftware', '2025-02-15', NULL),
(18, 'Larian Studios', '2025-03-01', NULL),
(19, 'Epic Games', '2025-04-10', NULL);

-- --------------------------------------------------------

--
-- Tábla szerkezet ehhez a táblához `publisher_awards`
--

CREATE TABLE `publisher_awards` (
  `publisher_id` int(11) NOT NULL,
  `award_id` int(11) NOT NULL
) ENGINE=InnoDB DEFAULT CHARSET=utf8mb4 COLLATE=utf8mb4_general_ci;

--
-- A tábla adatainak kiíratása `publisher_awards`
--

INSERT INTO `publisher_awards` (`publisher_id`, `award_id`) VALUES
(1, 1),
(1, 2),
(2, 3),
(2, 4),
(3, 5),
(3, 6),
(4, 7),
(5, 8),
(5, 9),
(6, 10),
(6, 11),
(7, 12),
(7, 13),
(8, 16),
(8, 17),
(9, 14),
(9, 15),
(10, 18),
(10, 19),
(11, 20),
(12, 21),
(13, 22),
(13, 23),
(14, 24),
(15, 25),
(15, 26),
(16, 27),
(17, 16),
(17, 17),
(18, 14),
(18, 15),
(19, 24);

-- --------------------------------------------------------

--
-- Tábla szerkezet ehhez a táblához `roles`
--

CREATE TABLE `roles` (
  `role_id` int(11) NOT NULL,
  `role_name` varchar(100) NOT NULL
) ENGINE=InnoDB DEFAULT CHARSET=utf8mb4 COLLATE=utf8mb4_general_ci;

--
-- A tábla adatainak kiíratása `roles`
--

INSERT INTO `roles` (`role_id`, `role_name`) VALUES
(9, 'Art Director'),
(11, 'Combat Designer'),
(3, 'Game Designer'),
(6, 'Gameplay Engineer'),
(2, 'Gameplay Programmer'),
(8, 'Lead Designer'),
(1, 'Lead Developer'),
(4, 'Lead Programmer'),
(5, 'Level Designer'),
(10, 'Narrative Designer'),
(7, 'Quest Designer'),
(12, 'Senior Game Designer');

--
-- Indexek a kiírt táblákhoz
--

--
-- A tábla indexei `awards`
--
ALTER TABLE `awards`
  ADD PRIMARY KEY (`award_id`);

--
-- A tábla indexei `datas`
--
ALTER TABLE `datas`
  ADD PRIMARY KEY (`id`),
  ADD KEY `fk_genre` (`genre_id`);

--
-- A tábla indexei `developers`
--
ALTER TABLE `developers`
  ADD PRIMARY KEY (`developer_id`),
  ADD KEY `fk_developer_publisher` (`publisher_id`),
  ADD KEY `fk_developers_roles` (`role_id`);

--
-- A tábla indexei `developer_awards`
--
ALTER TABLE `developer_awards`
  ADD PRIMARY KEY (`developer_id`,`award_id`),
  ADD KEY `award_id` (`award_id`);

--
-- A tábla indexei `game_platforms`
--
ALTER TABLE `game_platforms`
  ADD PRIMARY KEY (`game_id`,`platform_id`),
  ADD KEY `platform_id` (`platform_id`);

--
-- A tábla indexei `genres`
--
ALTER TABLE `genres`
  ADD PRIMARY KEY (`genre_id`),
  ADD UNIQUE KEY `genre_name` (`genre_name`);

--
-- A tábla indexei `platforms`
--
ALTER TABLE `platforms`
  ADD PRIMARY KEY (`platform_id`),
  ADD UNIQUE KEY `platform_name` (`platform_name`);

--
-- A tábla indexei `publishers`
--
ALTER TABLE `publishers`
  ADD PRIMARY KEY (`publisher_id`);

--
-- A tábla indexei `publisher_awards`
--
ALTER TABLE `publisher_awards`
  ADD PRIMARY KEY (`publisher_id`,`award_id`),
  ADD KEY `award_id` (`award_id`);

--
-- A tábla indexei `roles`
--
ALTER TABLE `roles`
  ADD PRIMARY KEY (`role_id`),
  ADD UNIQUE KEY `role_name` (`role_name`);

--
-- A kiírt táblák AUTO_INCREMENT értéke
--

--
-- AUTO_INCREMENT a táblához `awards`
--
ALTER TABLE `awards`
  MODIFY `award_id` int(11) NOT NULL AUTO_INCREMENT, AUTO_INCREMENT=28;

--
-- AUTO_INCREMENT a táblához `datas`
--
ALTER TABLE `datas`
  MODIFY `id` int(11) NOT NULL AUTO_INCREMENT, AUTO_INCREMENT=534;

--
-- AUTO_INCREMENT a táblához `developers`
--
ALTER TABLE `developers`
  MODIFY `developer_id` int(11) NOT NULL AUTO_INCREMENT, AUTO_INCREMENT=21;

--
-- AUTO_INCREMENT a táblához `genres`
--
ALTER TABLE `genres`
  MODIFY `genre_id` int(11) NOT NULL AUTO_INCREMENT, AUTO_INCREMENT=65;

--
-- AUTO_INCREMENT a táblához `platforms`
--
ALTER TABLE `platforms`
  MODIFY `platform_id` int(11) NOT NULL AUTO_INCREMENT, AUTO_INCREMENT=64;

--
-- AUTO_INCREMENT a táblához `publishers`
--
ALTER TABLE `publishers`
  MODIFY `publisher_id` int(11) NOT NULL AUTO_INCREMENT, AUTO_INCREMENT=20;

--
-- AUTO_INCREMENT a táblához `roles`
--
ALTER TABLE `roles`
  MODIFY `role_id` int(11) NOT NULL AUTO_INCREMENT, AUTO_INCREMENT=16;

--
-- Megkötések a kiírt táblákhoz
--

--
-- Megkötések a táblához `datas`
--
ALTER TABLE `datas`
  ADD CONSTRAINT `fk_genre` FOREIGN KEY (`genre_id`) REFERENCES `genres` (`genre_id`);

--
-- Megkötések a táblához `developers`
--
ALTER TABLE `developers`
  ADD CONSTRAINT `fk_developer_publisher` FOREIGN KEY (`publisher_id`) REFERENCES `publishers` (`publisher_id`),
  ADD CONSTRAINT `fk_developers_roles` FOREIGN KEY (`role_id`) REFERENCES `roles` (`role_id`);

--
-- Megkötések a táblához `developer_awards`
--
ALTER TABLE `developer_awards`
  ADD CONSTRAINT `developer_awards_ibfk_1` FOREIGN KEY (`developer_id`) REFERENCES `developers` (`developer_id`),
  ADD CONSTRAINT `developer_awards_ibfk_2` FOREIGN KEY (`award_id`) REFERENCES `awards` (`award_id`);

--
-- Megkötések a táblához `game_platforms`
--
ALTER TABLE `game_platforms`
  ADD CONSTRAINT `game_platforms_ibfk_1` FOREIGN KEY (`game_id`) REFERENCES `datas` (`id`) ON DELETE CASCADE,
  ADD CONSTRAINT `game_platforms_ibfk_2` FOREIGN KEY (`platform_id`) REFERENCES `platforms` (`platform_id`) ON DELETE CASCADE;

--
-- Megkötések a táblához `publisher_awards`
--
ALTER TABLE `publisher_awards`
  ADD CONSTRAINT `publisher_awards_ibfk_1` FOREIGN KEY (`publisher_id`) REFERENCES `publishers` (`publisher_id`),
  ADD CONSTRAINT `publisher_awards_ibfk_2` FOREIGN KEY (`award_id`) REFERENCES `awards` (`award_id`);
COMMIT;

/*!40101 SET CHARACTER_SET_CLIENT=@OLD_CHARACTER_SET_CLIENT */;
/*!40101 SET CHARACTER_SET_RESULTS=@OLD_CHARACTER_SET_RESULTS */;
/*!40101 SET COLLATION_CONNECTION=@OLD_COLLATION_CONNECTION */;
